severity,file,index,code,detail
INFO,"1chronicles_quiz.json",1,CORRECT_MUCH_LONGER,"correct=73 avg_others=19"
INFO,"1chronicles_quiz.json",2,CORRECT_MUCH_LONGER,"correct=81 avg_others=24"
INFO,"1chronicles_quiz.json",7,CORRECT_MUCH_LONGER,"correct=59 avg_others=22"
INFO,"1chronicles_quiz.json",9,CORRECT_MUCH_LONGER,"correct=62 avg_others=24"
INFO,"1chronicles_quiz.json",17,CORRECT_MUCH_LONGER,"correct=69 avg_others=26"
INFO,"1chronicles_quiz.json",18,CORRECT_MUCH_LONGER,"correct=83 avg_others=30"
INFO,"1chronicles_quiz.json",20,CORRECT_MUCH_LONGER,"correct=89 avg_others=34"
INFO,"1chronicles_quiz_en.json",1,CORRECT_MUCH_LONGER,"correct=87 avg_others=23"
INFO,"1chronicles_quiz_en.json",2,CORRECT_MUCH_LONGER,"correct=98 avg_others=34"
INFO,"1chronicles_quiz_en.json",9,CORRECT_MUCH_LONGER,"correct=61 avg_others=17"
INFO,"1chronicles_quiz_en.json",17,CORRECT_MUCH_LONGER,"correct=77 avg_others=24"
INFO,"1chronicles_quiz_en.json",18,CORRECT_MUCH_LONGER,"correct=98 avg_others=33"
INFO,"1corinthians_quiz.json",5,CORRECT_MUCH_LONGER,"correct=51 avg_others=14"
INFO,"1corinthians_quiz.json",12,CORRECT_MUCH_LONGER,"correct=42 avg_others=17"
INFO,"1corinthians_quiz.json",18,CORRECT_MUCH_LONGER,"correct=54 avg_others=20"
INFO,"1corinthians_quiz.json",23,CORRECT_MUCH_LONGER,"correct=61 avg_others=14"
INFO,"1corinthians_quiz.json",25,CORRECT_MUCH_LONGER,"correct=55 avg_others=8"
INFO,"1corinthians_quiz.json",27,CORRECT_MUCH_LONGER,"correct=36 avg_others=9"
INFO,"1corinthians_quiz.json",28,CORRECT_MUCH_LONGER,"correct=58 avg_others=14"
INFO,"1corinthians_quiz.json",29,CORRECT_MUCH_LONGER,"correct=52 avg_others=8"
INFO,"1corinthians_quiz.json",30,CORRECT_MUCH_LONGER,"correct=38 avg_others=9"
INFO,"1corinthians_quiz.json",65,CORRECT_MUCH_LONGER,"correct=174 avg_others=62"
INFO,"1corinthians_quiz.json",70,CORRECT_MUCH_LONGER,"correct=113 avg_others=35"
INFO,"1corinthians_quiz_en.json",5,CORRECT_MUCH_LONGER,"correct=50 avg_others=17"
INFO,"1corinthians_quiz_en.json",12,CORRECT_MUCH_LONGER,"correct=43 avg_others=15"
INFO,"1corinthians_quiz_en.json",15,CORRECT_MUCH_LONGER,"correct=56 avg_others=20"
INFO,"1corinthians_quiz_en.json",17,CORRECT_MUCH_LONGER,"correct=44 avg_others=17"
INFO,"1corinthians_quiz_en.json",23,CORRECT_MUCH_LONGER,"correct=69 avg_others=17"
INFO,"1corinthians_quiz_en.json",25,CORRECT_MUCH_LONGER,"correct=44 avg_others=8"
INFO,"1corinthians_quiz_en.json",27,CORRECT_MUCH_LONGER,"correct=31 avg_others=6"
INFO,"1corinthians_quiz_en.json",28,CORRECT_MUCH_LONGER,"correct=85 avg_others=24"
INFO,"1corinthians_quiz_en.json",29,CORRECT_MUCH_LONGER,"correct=44 avg_others=9"
INFO,"1corinthians_quiz_en.json",30,CORRECT_MUCH_LONGER,"correct=33 avg_others=11"
INFO,"1corinthians_quiz_en.json",41,CORRECT_MUCH_LONGER,"correct=55 avg_others=19"
WARN,"1corinthians_quiz.json vs 1corinthians_quiz_en.json",26,PAIR_CHAPTER_DRIFT,"vi=6 en=3"
INFO,"1corinthians_quiz.json vs 1corinthians_quiz_en.json",26,PAIR_VERSESTART_DRIFT,"vi=19 en=16"
INFO,"1john_quiz.json",3,CORRECT_MUCH_LONGER,"correct=34 avg_others=7"
INFO,"1john_quiz.json",4,CORRECT_MUCH_LONGER,"correct=37 avg_others=8"
INFO,"1john_quiz.json",9,CORRECT_MUCH_LONGER,"correct=53 avg_others=12"
INFO,"1john_quiz_en.json",1,CORRECT_MUCH_LONGER,"correct=56 avg_others=16"
INFO,"1john_quiz_en.json",3,CORRECT_MUCH_LONGER,"correct=31 avg_others=6"
INFO,"1john_quiz_en.json",4,CORRECT_MUCH_LONGER,"correct=37 avg_others=6"
INFO,"1john_quiz_en.json",9,CORRECT_MUCH_LONGER,"correct=65 avg_others=15"
INFO,"1john_quiz_en.json",14,CORRECT_MUCH_LONGER,"correct=47 avg_others=17"
INFO,"1kings_quiz.json",1,CORRECT_MUCH_LONGER,"correct=34 avg_others=12"
INFO,"1kings_quiz.json",3,CORRECT_MUCH_LONGER,"correct=61 avg_others=21"
INFO,"1kings_quiz.json",5,CORRECT_MUCH_LONGER,"correct=50 avg_others=10"
INFO,"1kings_quiz.json",6,CORRECT_MUCH_LONGER,"correct=43 avg_others=10"
INFO,"1kings_quiz.json",9,CORRECT_MUCH_LONGER,"correct=39 avg_others=12"
INFO,"1kings_quiz.json",10,CORRECT_MUCH_LONGER,"correct=31 avg_others=6"
INFO,"1kings_quiz.json",17,CORRECT_MUCH_LONGER,"correct=103 avg_others=27"
INFO,"1kings_quiz.json",18,CORRECT_MUCH_LONGER,"correct=35 avg_others=7"
INFO,"1kings_quiz_en.json",1,CORRECT_MUCH_LONGER,"correct=47 avg_others=13"
INFO,"1kings_quiz_en.json",2,VERSE_RANGE_DRIFT,"metadata=1-2 cite=""1 Kings 6:38"" → 38-38"
INFO,"1kings_quiz_en.json",3,CORRECT_MUCH_LONGER,"correct=71 avg_others=28"
INFO,"1kings_quiz_en.json",5,CORRECT_MUCH_LONGER,"correct=53 avg_others=10"
INFO,"1kings_quiz_en.json",6,CORRECT_MUCH_LONGER,"correct=53 avg_others=7"
INFO,"1kings_quiz_en.json",8,CORRECT_MUCH_LONGER,"correct=65 avg_others=24"
INFO,"1kings_quiz_en.json",9,CORRECT_MUCH_LONGER,"correct=47 avg_others=12"
INFO,"1kings_quiz_en.json",10,CORRECT_MUCH_LONGER,"correct=33 avg_others=8"
INFO,"1kings_quiz.json vs 1kings_quiz_en.json",2,PAIR_VERSESTART_DRIFT,"vi=38 en=1"
INFO,"1peter_quiz.json",0,CORRECT_MUCH_LONGER,"correct=70 avg_others=8"
INFO,"1peter_quiz.json",1,CORRECT_MUCH_LONGER,"correct=33 avg_others=8"
INFO,"1peter_quiz.json",2,CORRECT_MUCH_LONGER,"correct=68 avg_others=8"
INFO,"1peter_quiz.json",3,CORRECT_MUCH_LONGER,"correct=54 avg_others=8"
INFO,"1peter_quiz.json",5,CORRECT_MUCH_LONGER,"correct=45 avg_others=7"
INFO,"1peter_quiz.json",6,CORRECT_MUCH_LONGER,"correct=40 avg_others=7"
INFO,"1peter_quiz.json",8,CORRECT_MUCH_LONGER,"correct=54 avg_others=6"
INFO,"1peter_quiz.json",10,CORRECT_MUCH_LONGER,"correct=61 avg_others=8"
INFO,"1peter_quiz.json",25,CORRECT_MUCH_LONGER,"correct=79 avg_others=30"
INFO,"1peter_quiz.json",30,CORRECT_MUCH_LONGER,"correct=151 avg_others=37"
INFO,"1peter_quiz.json",32,CORRECT_MUCH_LONGER,"correct=146 avg_others=35"
INFO,"1peter_quiz.json",34,CORRECT_MUCH_LONGER,"correct=107 avg_others=29"
INFO,"1peter_quiz.json",35,CORRECT_MUCH_LONGER,"correct=128 avg_others=31"
INFO,"1peter_quiz.json",36,CORRECT_MUCH_LONGER,"correct=121 avg_others=23"
INFO,"1peter_quiz.json",37,CORRECT_MUCH_LONGER,"correct=91 avg_others=27"
INFO,"1peter_quiz.json",38,CORRECT_MUCH_LONGER,"correct=64 avg_others=21"
INFO,"1peter_quiz.json",40,CORRECT_MUCH_LONGER,"correct=117 avg_others=21"
INFO,"1peter_quiz.json",43,CORRECT_MUCH_LONGER,"correct=95 avg_others=27"
INFO,"1peter_quiz.json",45,CORRECT_MUCH_LONGER,"correct=130 avg_others=40"
INFO,"1peter_quiz.json",49,CORRECT_MUCH_LONGER,"correct=189 avg_others=39"
INFO,"1peter_quiz_en.json",0,CORRECT_MUCH_LONGER,"correct=80 avg_others=8"
INFO,"1peter_quiz_en.json",2,CORRECT_MUCH_LONGER,"correct=78 avg_others=10"
INFO,"1peter_quiz_en.json",3,CORRECT_MUCH_LONGER,"correct=65 avg_others=7"
INFO,"1peter_quiz_en.json",5,CORRECT_MUCH_LONGER,"correct=51 avg_others=9"
INFO,"1peter_quiz_en.json",6,CORRECT_MUCH_LONGER,"correct=42 avg_others=8"
INFO,"1peter_quiz_en.json",8,CORRECT_MUCH_LONGER,"correct=57 avg_others=6"
INFO,"1peter_quiz_en.json",9,CORRECT_MUCH_LONGER,"correct=40 avg_others=7"
INFO,"1peter_quiz_en.json",10,CORRECT_MUCH_LONGER,"correct=67 avg_others=12"
INFO,"1peter_quiz_en.json",15,CORRECT_MUCH_LONGER,"correct=48 avg_others=13"
INFO,"1samuel_quiz.json",0,CORRECT_MUCH_LONGER,"correct=47 avg_others=12"
INFO,"1samuel_quiz.json",3,CORRECT_MUCH_LONGER,"correct=40 avg_others=10"
INFO,"1samuel_quiz.json",4,CORRECT_MUCH_LONGER,"correct=33 avg_others=10"
INFO,"1samuel_quiz.json",6,CORRECT_MUCH_LONGER,"correct=42 avg_others=12"
INFO,"1samuel_quiz.json",10,CORRECT_MUCH_LONGER,"correct=57 avg_others=9"
INFO,"1samuel_quiz.json",13,CORRECT_MUCH_LONGER,"correct=38 avg_others=14"
INFO,"1samuel_quiz.json",14,CORRECT_MUCH_LONGER,"correct=34 avg_others=12"
INFO,"1samuel_quiz_en.json",0,CORRECT_MUCH_LONGER,"correct=42 avg_others=13"
INFO,"1samuel_quiz_en.json",2,VERSE_RANGE_DRIFT,"metadata=45-47 cite=""1 Samuel 17:49-50"" → 49-50"
INFO,"1samuel_quiz_en.json",3,CORRECT_MUCH_LONGER,"correct=41 avg_others=6"
INFO,"1samuel_quiz_en.json",6,CORRECT_MUCH_LONGER,"correct=59 avg_others=11"
INFO,"1samuel_quiz_en.json",10,CORRECT_MUCH_LONGER,"correct=77 avg_others=11"
INFO,"1samuel_quiz_en.json",13,CORRECT_MUCH_LONGER,"correct=53 avg_others=14"
INFO,"1samuel_quiz_en.json",14,CORRECT_MUCH_LONGER,"correct=47 avg_others=16"
WARN,"1samuel_quiz.json vs 1samuel_quiz_en.json",17,PAIR_CHAPTER_DRIFT,"vi=17 en=25"
INFO,"1samuel_quiz.json vs 1samuel_quiz_en.json",17,PAIR_VERSESTART_DRIFT,"vi=49 en=32"
WARN,"1samuel_quiz.json vs 1samuel_quiz_en.json",17,PAIR_ANSWER_DRIFT,"vi=[1] en=[0]"
WARN,"1samuel_quiz.json vs 1samuel_quiz_en.json",18,PAIR_CHAPTER_DRIFT,"vi=25 en=28"
INFO,"1samuel_quiz.json vs 1samuel_quiz_en.json",18,PAIR_VERSESTART_DRIFT,"vi=32 en=7"
WARN,"1samuel_quiz.json vs 1samuel_quiz_en.json",18,PAIR_ANSWER_DRIFT,"vi=[0] en=[3]"
INFO,"1samuel_quiz.json vs 1samuel_quiz_en.json",-1,PAIR_LEN_DRIFT,"vi=20 en=19"
INFO,"1thessalonians_quiz.json",2,CORRECT_MUCH_LONGER,"correct=60 avg_others=23"
INFO,"1thessalonians_quiz.json",4,CORRECT_MUCH_LONGER,"correct=70 avg_others=23"
INFO,"1thessalonians_quiz.json",8,CORRECT_MUCH_LONGER,"correct=62 avg_others=24"
INFO,"1thessalonians_quiz.json",9,CORRECT_MUCH_LONGER,"correct=62 avg_others=22"
INFO,"1thessalonians_quiz.json",15,CORRECT_MUCH_LONGER,"correct=64 avg_others=21"
INFO,"1thessalonians_quiz.json",16,CORRECT_MUCH_LONGER,"correct=52 avg_others=21"
INFO,"1thessalonians_quiz_en.json",2,CORRECT_MUCH_LONGER,"correct=46 avg_others=18"
INFO,"1thessalonians_quiz_en.json",4,CORRECT_MUCH_LONGER,"correct=62 avg_others=19"
INFO,"1thessalonians_quiz_en.json",7,CORRECT_MUCH_LONGER,"correct=52 avg_others=21"
INFO,"1thessalonians_quiz_en.json",14,CORRECT_MUCH_LONGER,"correct=49 avg_others=17"
INFO,"1thessalonians_quiz_en.json",15,CORRECT_MUCH_LONGER,"correct=70 avg_others=20"
INFO,"1timothy_quiz.json",1,CORRECT_MUCH_LONGER,"correct=65 avg_others=25"
INFO,"1timothy_quiz.json",7,CORRECT_MUCH_LONGER,"correct=79 avg_others=28"
INFO,"1timothy_quiz.json",20,CORRECT_MUCH_LONGER,"correct=62 avg_others=23"
INFO,"1timothy_quiz_en.json",1,CORRECT_MUCH_LONGER,"correct=56 avg_others=18"
INFO,"1timothy_quiz_en.json",7,CORRECT_MUCH_LONGER,"correct=76 avg_others=21"
INFO,"1timothy_quiz_en.json",20,CORRECT_MUCH_LONGER,"correct=51 avg_others=16"
INFO,"2chronicles_quiz.json",0,CORRECT_MUCH_LONGER,"correct=51 avg_others=20"
INFO,"2chronicles_quiz.json",1,CORRECT_MUCH_LONGER,"correct=56 avg_others=21"
INFO,"2chronicles_quiz.json",2,CORRECT_MUCH_LONGER,"correct=49 avg_others=10"
INFO,"2chronicles_quiz.json",6,CORRECT_MUCH_LONGER,"correct=94 avg_others=25"
INFO,"2chronicles_quiz.json",9,CORRECT_MUCH_LONGER,"correct=74 avg_others=25"
INFO,"2chronicles_quiz.json",10,CORRECT_MUCH_LONGER,"correct=105 avg_others=37"
INFO,"2chronicles_quiz.json",12,CORRECT_MUCH_LONGER,"correct=76 avg_others=30"
INFO,"2chronicles_quiz.json",13,CORRECT_MUCH_LONGER,"correct=81 avg_others=25"
INFO,"2chronicles_quiz.json",14,CORRECT_MUCH_LONGER,"correct=66 avg_others=23"
INFO,"2chronicles_quiz.json",16,CORRECT_MUCH_LONGER,"correct=86 avg_others=33"
INFO,"2chronicles_quiz.json",17,CORRECT_MUCH_LONGER,"correct=98 avg_others=35"
INFO,"2chronicles_quiz_en.json",0,CORRECT_MUCH_LONGER,"correct=43 avg_others=17"
INFO,"2chronicles_quiz_en.json",2,CORRECT_MUCH_LONGER,"correct=56 avg_others=10"
INFO,"2chronicles_quiz_en.json",5,CORRECT_MUCH_LONGER,"correct=44 avg_others=13"
INFO,"2chronicles_quiz_en.json",6,CORRECT_MUCH_LONGER,"correct=104 avg_others=27"
INFO,"2chronicles_quiz_en.json",8,CORRECT_MUCH_LONGER,"correct=78 avg_others=29"
INFO,"2chronicles_quiz_en.json",11,CORRECT_MUCH_LONGER,"correct=67 avg_others=23"
INFO,"2chronicles_quiz_en.json",13,CORRECT_MUCH_LONGER,"correct=95 avg_others=28"
INFO,"2chronicles_quiz_en.json",17,CORRECT_MUCH_LONGER,"correct=98 avg_others=29"
WARN,"2chronicles_quiz.json vs 2chronicles_quiz_en.json",21,PAIR_ANSWER_DRIFT,"vi=[0, 1, 2, 3] en=[0, 1, 2]"
INFO,"2corinthians_quiz.json",4,CORRECT_MUCH_LONGER,"correct=41 avg_others=14"
INFO,"2corinthians_quiz.json",14,CORRECT_MUCH_LONGER,"correct=59 avg_others=20"
INFO,"2corinthians_quiz.json",20,CORRECT_MUCH_LONGER,"correct=43 avg_others=7"
INFO,"2corinthians_quiz.json",23,CORRECT_MUCH_LONGER,"correct=41 avg_others=11"
INFO,"2corinthians_quiz.json",27,CORRECT_MUCH_LONGER,"correct=73 avg_others=29"
INFO,"2corinthians_quiz_en.json",6,CORRECT_MUCH_LONGER,"correct=50 avg_others=19"
INFO,"2corinthians_quiz_en.json",11,CORRECT_MUCH_LONGER,"correct=31 avg_others=12"
INFO,"2corinthians_quiz_en.json",12,CORRECT_MUCH_LONGER,"correct=48 avg_others=18"
INFO,"2corinthians_quiz_en.json",14,CORRECT_MUCH_LONGER,"correct=60 avg_others=11"
INFO,"2corinthians_quiz_en.json",15,CORRECT_MUCH_LONGER,"correct=48 avg_others=18"
INFO,"2corinthians_quiz_en.json",20,CORRECT_MUCH_LONGER,"correct=40 avg_others=5"
INFO,"2corinthians_quiz_en.json",22,CORRECT_MUCH_LONGER,"correct=34 avg_others=13"
INFO,"2corinthians_quiz_en.json",23,CORRECT_MUCH_LONGER,"correct=35 avg_others=6"
INFO,"2corinthians_quiz_en.json",27,CORRECT_MUCH_LONGER,"correct=79 avg_others=20"
INFO,"2john_quiz.json",16,CORRECT_MUCH_LONGER,"correct=58 avg_others=21"
WARN,"2john_quiz.json vs 2john_quiz_en.json",16,PAIR_ANSWER_DRIFT,"vi=[0] en=[0, 1]"
WARN,"2john_quiz.json vs 2john_quiz_en.json",16,PAIR_TYPE_DRIFT,"vi=multiple_choice_single en=multiple_choice_multi"
INFO,"2kings_quiz.json",0,CORRECT_MUCH_LONGER,"correct=36 avg_others=7"
INFO,"2kings_quiz.json",2,CORRECT_MUCH_LONGER,"correct=50 avg_others=13"
INFO,"2kings_quiz.json",5,CORRECT_MUCH_LONGER,"correct=36 avg_others=11"
INFO,"2kings_quiz.json",14,CORRECT_MUCH_LONGER,"correct=53 avg_others=11"
INFO,"2kings_quiz.json",16,CORRECT_MUCH_LONGER,"correct=51 avg_others=13"
INFO,"2kings_quiz.json",19,CORRECT_MUCH_LONGER,"correct=91 avg_others=26"
INFO,"2kings_quiz_en.json",0,CORRECT_MUCH_LONGER,"correct=50 avg_others=10"
INFO,"2kings_quiz_en.json",1,CORRECT_MUCH_LONGER,"correct=35 avg_others=7"
INFO,"2kings_quiz_en.json",5,CORRECT_MUCH_LONGER,"correct=65 avg_others=11"
INFO,"2kings_quiz_en.json",14,CORRECT_MUCH_LONGER,"correct=50 avg_others=10"
INFO,"2kings_quiz_en.json",16,CORRECT_MUCH_LONGER,"correct=42 avg_others=12"
INFO,"2peter_quiz.json",4,CORRECT_MUCH_LONGER,"correct=74 avg_others=19"
INFO,"2peter_quiz.json",20,CORRECT_MUCH_LONGER,"correct=103 avg_others=40"
INFO,"2peter_quiz_en.json",0,CORRECT_MUCH_LONGER,"correct=51 avg_others=20"
INFO,"2peter_quiz_en.json",4,CORRECT_MUCH_LONGER,"correct=59 avg_others=22"
INFO,"2peter_quiz_en.json",20,CORRECT_MUCH_LONGER,"correct=109 avg_others=35"
WARN,"2peter_quiz.json vs 2peter_quiz_en.json",21,PAIR_ANSWER_DRIFT,"vi=[0, 1, 2, 3, 4, 5, 6] en=[0, 1, 2]"
WARN,"2peter_quiz.json vs 2peter_quiz_en.json",21,PAIR_OPTIONS_LEN_DRIFT,"vi=8 en=4"
INFO,"2samuel_quiz.json",1,CORRECT_MUCH_LONGER,"correct=52 avg_others=6"
INFO,"2samuel_quiz.json",5,CORRECT_MUCH_LONGER,"correct=46 avg_others=13"
INFO,"2samuel_quiz.json",7,CORRECT_MUCH_LONGER,"correct=46 avg_others=18"
INFO,"2samuel_quiz.json",11,CORRECT_MUCH_LONGER,"correct=63 avg_others=18"
INFO,"2samuel_quiz_en.json",1,CORRECT_MUCH_LONGER,"correct=51 avg_others=8"
INFO,"2samuel_quiz_en.json",5,CORRECT_MUCH_LONGER,"correct=59 avg_others=23"
INFO,"2samuel_quiz_en.json",10,CORRECT_MUCH_LONGER,"correct=35 avg_others=12"
INFO,"2samuel_quiz_en.json",11,CORRECT_MUCH_LONGER,"correct=60 avg_others=23"
INFO,"2samuel_quiz_en.json",14,CORRECT_MUCH_LONGER,"correct=34 avg_others=6"
INFO,"2thessalonians_quiz.json",10,CORRECT_MUCH_LONGER,"correct=64 avg_others=22"
INFO,"2thessalonians_quiz.json",13,CORRECT_MUCH_LONGER,"correct=65 avg_others=20"
INFO,"2thessalonians_quiz_en.json",6,CORRECT_MUCH_LONGER,"correct=58 avg_others=22"
INFO,"2thessalonians_quiz_en.json",7,CORRECT_MUCH_LONGER,"correct=86 avg_others=25"
INFO,"2thessalonians_quiz_en.json",8,CORRECT_MUCH_LONGER,"correct=86 avg_others=33"
INFO,"2thessalonians_quiz_en.json",10,CORRECT_MUCH_LONGER,"correct=59 avg_others=20"
INFO,"2thessalonians_quiz_en.json",13,CORRECT_MUCH_LONGER,"correct=70 avg_others=19"
INFO,"2timothy_quiz.json",11,CORRECT_MUCH_LONGER,"correct=79 avg_others=25"
INFO,"2timothy_quiz.json",17,CORRECT_MUCH_LONGER,"correct=68 avg_others=26"
INFO,"2timothy_quiz_en.json",2,CORRECT_MUCH_LONGER,"correct=58 avg_others=22"
INFO,"2timothy_quiz_en.json",4,CORRECT_MUCH_LONGER,"correct=62 avg_others=21"
INFO,"2timothy_quiz_en.json",11,CORRECT_MUCH_LONGER,"correct=105 avg_others=16"
INFO,"2timothy_quiz_en.json",15,CORRECT_MUCH_LONGER,"correct=51 avg_others=19"
INFO,"2timothy_quiz_en.json",17,CORRECT_MUCH_LONGER,"correct=83 avg_others=29"
WARN,"2timothy_quiz.json vs 2timothy_quiz_en.json",23,PAIR_ANSWER_DRIFT,"vi=[0, 1, 2, 3] en=[0, 1, 2]"
WARN,"2timothy_quiz.json vs 2timothy_quiz_en.json",23,PAIR_OPTIONS_LEN_DRIFT,"vi=5 en=4"
INFO,"3john_quiz.json",12,CORRECT_MUCH_LONGER,"correct=72 avg_others=26"
INFO,"3john_quiz_en.json",12,CORRECT_MUCH_LONGER,"correct=78 avg_others=30"
INFO,"acts_quiz.json",0,CORRECT_MUCH_LONGER,"correct=42 avg_others=16"
INFO,"acts_quiz.json",7,CORRECT_MUCH_LONGER,"correct=50 avg_others=19"
INFO,"acts_quiz.json",10,VERSE_RANGE_DRIFT,"metadata=6-21 cite=""Công Vụ 15:28-29"" → 28-29"
INFO,"acts_quiz.json",10,CORRECT_MUCH_LONGER,"correct=94 avg_others=16"
INFO,"acts_quiz.json",12,CORRECT_MUCH_LONGER,"correct=63 avg_others=17"
INFO,"acts_quiz.json",15,CORRECT_MUCH_LONGER,"correct=42 avg_others=16"
INFO,"acts_quiz.json",16,CORRECT_MUCH_LONGER,"correct=60 avg_others=20"
INFO,"acts_quiz.json",19,CORRECT_MUCH_LONGER,"correct=33 avg_others=12"
INFO,"acts_quiz.json",22,CORRECT_MUCH_LONGER,"correct=40 avg_others=13"
INFO,"acts_quiz.json",23,CORRECT_MUCH_LONGER,"correct=37 avg_others=10"
INFO,"acts_quiz.json",24,CORRECT_MUCH_LONGER,"correct=44 avg_others=14"
INFO,"acts_quiz.json",26,CORRECT_MUCH_LONGER,"correct=58 avg_others=13"
INFO,"acts_quiz.json",29,CORRECT_MUCH_LONGER,"correct=36 avg_others=11"
INFO,"acts_quiz.json",30,CORRECT_MUCH_LONGER,"correct=42 avg_others=13"
INFO,"acts_quiz.json",31,CORRECT_MUCH_LONGER,"correct=71 avg_others=7"
INFO,"acts_quiz.json",33,CORRECT_MUCH_LONGER,"correct=37 avg_others=13"
INFO,"acts_quiz.json",35,CORRECT_MUCH_LONGER,"correct=83 avg_others=19"
INFO,"acts_quiz.json",43,CORRECT_MUCH_LONGER,"correct=54 avg_others=13"
INFO,"acts_quiz.json",46,CORRECT_MUCH_LONGER,"correct=98 avg_others=25"
INFO,"acts_quiz.json",48,CORRECT_MUCH_LONGER,"correct=45 avg_others=14"
INFO,"acts_quiz.json",49,CORRECT_MUCH_LONGER,"correct=60 avg_others=17"
INFO,"acts_quiz.json",52,CORRECT_MUCH_LONGER,"correct=60 avg_others=16"
INFO,"acts_quiz.json",59,CORRECT_MUCH_LONGER,"correct=57 avg_others=17"
INFO,"acts_quiz.json",80,CORRECT_MUCH_LONGER,"correct=187 avg_others=19"
INFO,"acts_quiz.json",85,CORRECT_MUCH_LONGER,"correct=69 avg_others=8"
INFO,"acts_quiz.json",86,CORRECT_MUCH_LONGER,"correct=98 avg_others=21"
INFO,"acts_quiz.json",90,CORRECT_MUCH_LONGER,"correct=161 avg_others=47"
WARN,"acts_quiz.json",115,CHAPTER_MISMATCH,"metadata=8 cite=""Acts 1:13"" → 1"
INFO,"acts_quiz.json",116,CORRECT_MUCH_LONGER,"correct=366 avg_others=36"
INFO,"acts_quiz.json",117,CORRECT_MUCH_LONGER,"correct=224 avg_others=87"
INFO,"acts_quiz.json",120,CORRECT_MUCH_LONGER,"correct=134 avg_others=36"
WARN,"acts_quiz.json",122,CHAPTER_MISMATCH,"metadata=7 cite=""Acts 6:13-14"" → 6"
INFO,"acts_quiz.json",126,CORRECT_MUCH_LONGER,"correct=150 avg_others=54"
INFO,"acts_quiz.json",128,CORRECT_MUCH_LONGER,"correct=188 avg_others=50"
INFO,"acts_quiz_en.json",4,CORRECT_MUCH_LONGER,"correct=43 avg_others=17"
INFO,"acts_quiz_en.json",10,VERSE_RANGE_DRIFT,"metadata=6-21 cite=""Acts 15:28-29"" → 28-29"
INFO,"acts_quiz_en.json",10,CORRECT_MUCH_LONGER,"correct=119 avg_others=15"
INFO,"acts_quiz_en.json",12,CORRECT_MUCH_LONGER,"correct=65 avg_others=15"
INFO,"acts_quiz_en.json",15,CORRECT_MUCH_LONGER,"correct=67 avg_others=16"
INFO,"acts_quiz_en.json",19,CORRECT_MUCH_LONGER,"correct=42 avg_others=14"
INFO,"acts_quiz_en.json",22,CORRECT_MUCH_LONGER,"correct=42 avg_others=12"
INFO,"acts_quiz_en.json",23,CORRECT_MUCH_LONGER,"correct=49 avg_others=9"
INFO,"acts_quiz_en.json",24,CORRECT_MUCH_LONGER,"correct=43 avg_others=17"
INFO,"acts_quiz_en.json",26,CORRECT_MUCH_LONGER,"correct=69 avg_others=11"
INFO,"acts_quiz_en.json",29,CORRECT_MUCH_LONGER,"correct=39 avg_others=11"
INFO,"acts_quiz_en.json",30,CORRECT_MUCH_LONGER,"correct=36 avg_others=14"
INFO,"acts_quiz_en.json",31,CORRECT_MUCH_LONGER,"correct=66 avg_others=12"
INFO,"acts_quiz_en.json",35,CORRECT_MUCH_LONGER,"correct=101 avg_others=18"
INFO,"acts_quiz_en.json",36,CORRECT_MUCH_LONGER,"correct=72 avg_others=26"
INFO,"acts_quiz_en.json",37,CORRECT_MUCH_LONGER,"correct=64 avg_others=21"
INFO,"acts_quiz_en.json",39,CORRECT_MUCH_LONGER,"correct=66 avg_others=20"
INFO,"acts_quiz_en.json",43,CORRECT_MUCH_LONGER,"correct=55 avg_others=15"
INFO,"acts_quiz_en.json",46,CORRECT_MUCH_LONGER,"correct=83 avg_others=24"
INFO,"acts_quiz_en.json",48,CORRECT_MUCH_LONGER,"correct=47 avg_others=19"
INFO,"acts_quiz_en.json",49,CORRECT_MUCH_LONGER,"correct=63 avg_others=15"
INFO,"acts_quiz_en.json",53,CORRECT_MUCH_LONGER,"correct=67 avg_others=19"
INFO,"acts_quiz_en.json",54,CORRECT_MUCH_LONGER,"correct=50 avg_others=20"
INFO,"acts_quiz_en.json",56,CORRECT_MUCH_LONGER,"correct=46 avg_others=13"
INFO,"acts_quiz_en.json",58,CORRECT_MUCH_LONGER,"correct=67 avg_others=20"
INFO,"acts_quiz_en.json",59,CORRECT_MUCH_LONGER,"correct=56 avg_others=18"
WARN,"acts_quiz_en.json",115,CHAPTER_MISMATCH,"metadata=8 cite=""Acts 1:13"" → 1"
WARN,"acts_quiz_en.json",122,CHAPTER_MISMATCH,"metadata=7 cite=""Acts 6:13-14"" → 6"
INFO,"amos_quiz.json",13,CORRECT_MUCH_LONGER,"correct=76 avg_others=26"
INFO,"amos_quiz_en.json",2,CORRECT_MUCH_LONGER,"correct=79 avg_others=27"
INFO,"amos_quiz_en.json",9,CORRECT_MUCH_LONGER,"correct=76 avg_others=24"
INFO,"amos_quiz_en.json",13,CORRECT_MUCH_LONGER,"correct=75 avg_others=20"
INFO,"amos_quiz_en.json",18,CORRECT_MUCH_LONGER,"correct=59 avg_others=23"
INFO,"amos_quiz_en.json",19,CORRECT_MUCH_LONGER,"correct=65 avg_others=10"
WARN,"amos_quiz.json vs amos_quiz_en.json",21,PAIR_ANSWER_DRIFT,"vi=[0, 1, 2, 3] en=[0, 1, 2]"
WARN,"amos_quiz.json vs amos_quiz_en.json",21,PAIR_OPTIONS_LEN_DRIFT,"vi=5 en=4"
INFO,"bible_basics_quiz.json",2,CORRECT_MUCH_LONGER,"correct=62 avg_others=13"
INFO,"bible_basics_quiz.json",9,CORRECT_MUCH_LONGER,"correct=88 avg_others=28"
INFO,"bible_basics_quiz_en.json",2,CORRECT_MUCH_LONGER,"correct=63 avg_others=10"
INFO,"bible_basics_quiz_en.json",3,CORRECT_MUCH_LONGER,"correct=41 avg_others=15"
WARN,"bible_basics_quiz.json vs bible_basics_quiz_en.json",1,PAIR_ANSWER_DRIFT,"vi=[1] en=[2]"
INFO,"colossians_quiz.json",3,CORRECT_MUCH_LONGER,"correct=68 avg_others=20"
INFO,"colossians_quiz.json",4,CORRECT_MUCH_LONGER,"correct=85 avg_others=32"
INFO,"colossians_quiz.json",13,CORRECT_MUCH_LONGER,"correct=66 avg_others=23"
INFO,"colossians_quiz.json",16,CORRECT_MUCH_LONGER,"correct=83 avg_others=32"
INFO,"colossians_quiz_en.json",3,CORRECT_MUCH_LONGER,"correct=61 avg_others=19"
INFO,"colossians_quiz_en.json",4,CORRECT_MUCH_LONGER,"correct=80 avg_others=26"
INFO,"colossians_quiz_en.json",13,CORRECT_MUCH_LONGER,"correct=74 avg_others=17"
INFO,"colossians_quiz_en.json",15,CORRECT_MUCH_LONGER,"correct=48 avg_others=19"
INFO,"colossians_quiz_en.json",16,CORRECT_MUCH_LONGER,"correct=79 avg_others=30"
WARN,"colossians_quiz.json vs colossians_quiz_en.json",24,PAIR_ANSWER_DRIFT,"vi=[0, 1, 2, 3] en=[0, 1, 2]"
INFO,"daniel_quiz.json",1,CORRECT_MUCH_LONGER,"correct=51 avg_others=15"
INFO,"daniel_quiz.json",2,CORRECT_MUCH_LONGER,"correct=53 avg_others=14"
INFO,"daniel_quiz.json",3,VERSE_RANGE_DRIFT,"metadata=30-33 cite=""Đa-ni-ên 4:33 - 7"" → 33-7"
INFO,"daniel_quiz.json",3,CORRECT_MUCH_LONGER,"correct=61 avg_others=8"
INFO,"daniel_quiz.json",7,CORRECT_MUCH_LONGER,"correct=37 avg_others=14"
INFO,"daniel_quiz.json",8,CORRECT_MUCH_LONGER,"correct=72 avg_others=23"
INFO,"daniel_quiz.json",9,CORRECT_MUCH_LONGER,"correct=49 avg_others=14"
INFO,"daniel_quiz.json",10,CORRECT_MUCH_LONGER,"correct=94 avg_others=14"
INFO,"daniel_quiz.json",11,CORRECT_MUCH_LONGER,"correct=117 avg_others=23"
INFO,"daniel_quiz.json",13,VERSE_RANGE_DRIFT,"metadata=1-1 cite=""Đa-ni-ên 2:5-6"" → 5-6"
INFO,"daniel_quiz.json",23,CORRECT_MUCH_LONGER,"correct=56 avg_others=11"
INFO,"daniel_quiz.json",42,VERSE_RANGE_DRIFT,"metadata=1-1 cite=""Đa-ni-ên 8:3-7"" → 3-7"
INFO,"daniel_quiz.json",52,CORRECT_MUCH_LONGER,"correct=138 avg_others=50"
INFO,"daniel_quiz.json",54,CORRECT_MUCH_LONGER,"correct=149 avg_others=43"
INFO,"daniel_quiz.json",57,CORRECT_MUCH_LONGER,"correct=94 avg_others=30"
INFO,"daniel_quiz_en.json",0,CORRECT_MUCH_LONGER,"correct=48 avg_others=17"
INFO,"daniel_quiz_en.json",1,CORRECT_MUCH_LONGER,"correct=44 avg_others=16"
INFO,"daniel_quiz_en.json",2,CORRECT_MUCH_LONGER,"correct=43 avg_others=8"
INFO,"daniel_quiz_en.json",3,CORRECT_MUCH_LONGER,"correct=80 avg_others=12"
INFO,"daniel_quiz_en.json",5,CORRECT_MUCH_LONGER,"correct=45 avg_others=14"
INFO,"daniel_quiz_en.json",7,CORRECT_MUCH_LONGER,"correct=50 avg_others=19"
INFO,"daniel_quiz_en.json",8,CORRECT_MUCH_LONGER,"correct=95 avg_others=28"
INFO,"daniel_quiz_en.json",9,CORRECT_MUCH_LONGER,"correct=52 avg_others=15"
INFO,"daniel_quiz_en.json",10,CORRECT_MUCH_LONGER,"correct=81 avg_others=8"
INFO,"daniel_quiz_en.json",11,CORRECT_MUCH_LONGER,"correct=72 avg_others=13"
INFO,"daniel_quiz_en.json",13,VERSE_RANGE_DRIFT,"metadata=1-1 cite=""Daniel 2:5-6"" → 5-6"
INFO,"daniel_quiz_en.json",42,VERSE_RANGE_DRIFT,"metadata=1-1 cite=""Daniel 8:3-7"" → 3-7"
INFO,"deuteronomy_quiz.json",1,CORRECT_MUCH_LONGER,"correct=41 avg_others=13"
INFO,"deuteronomy_quiz.json",2,CORRECT_MUCH_LONGER,"correct=55 avg_others=10"
INFO,"deuteronomy_quiz.json",3,CORRECT_MUCH_LONGER,"correct=51 avg_others=8"
INFO,"deuteronomy_quiz.json",4,CORRECT_MUCH_LONGER,"correct=49 avg_others=13"
INFO,"deuteronomy_quiz.json",5,CORRECT_MUCH_LONGER,"correct=52 avg_others=13"
INFO,"deuteronomy_quiz.json",8,CORRECT_MUCH_LONGER,"correct=54 avg_others=14"
INFO,"deuteronomy_quiz.json",9,CORRECT_MUCH_LONGER,"correct=58 avg_others=5"
INFO,"deuteronomy_quiz.json",11,CORRECT_MUCH_LONGER,"correct=46 avg_others=15"
INFO,"deuteronomy_quiz.json",12,CORRECT_MUCH_LONGER,"correct=42 avg_others=15"
INFO,"deuteronomy_quiz.json",14,CORRECT_MUCH_LONGER,"correct=49 avg_others=13"
INFO,"deuteronomy_quiz.json",15,CORRECT_MUCH_LONGER,"correct=44 avg_others=12"
INFO,"deuteronomy_quiz.json",16,CORRECT_MUCH_LONGER,"correct=38 avg_others=11"
INFO,"deuteronomy_quiz.json",17,CORRECT_MUCH_LONGER,"correct=52 avg_others=16"
INFO,"deuteronomy_quiz.json",18,CORRECT_MUCH_LONGER,"correct=52 avg_others=15"
INFO,"deuteronomy_quiz.json",19,CORRECT_MUCH_LONGER,"correct=51 avg_others=15"
INFO,"deuteronomy_quiz.json",20,CORRECT_MUCH_LONGER,"correct=79 avg_others=16"
INFO,"deuteronomy_quiz.json",23,CORRECT_MUCH_LONGER,"correct=60 avg_others=16"
INFO,"deuteronomy_quiz.json",24,CORRECT_MUCH_LONGER,"correct=65 avg_others=16"
INFO,"deuteronomy_quiz.json",25,CORRECT_MUCH_LONGER,"correct=66 avg_others=17"
INFO,"deuteronomy_quiz.json",26,CORRECT_MUCH_LONGER,"correct=55 avg_others=21"
INFO,"deuteronomy_quiz.json",28,CORRECT_MUCH_LONGER,"correct=65 avg_others=16"
INFO,"deuteronomy_quiz.json",29,CORRECT_MUCH_LONGER,"correct=48 avg_others=7"
INFO,"deuteronomy_quiz.json",30,CORRECT_MUCH_LONGER,"correct=46 avg_others=10"
INFO,"deuteronomy_quiz.json",38,CORRECT_MUCH_LONGER,"correct=170 avg_others=62"
INFO,"deuteronomy_quiz.json",53,CORRECT_MUCH_LONGER,"correct=102 avg_others=34"
INFO,"deuteronomy_quiz_en.json",1,CORRECT_MUCH_LONGER,"correct=49 avg_others=15"
INFO,"deuteronomy_quiz_en.json",2,CORRECT_MUCH_LONGER,"correct=62 avg_others=14"
INFO,"deuteronomy_quiz_en.json",4,CORRECT_MUCH_LONGER,"correct=41 avg_others=11"
INFO,"deuteronomy_quiz_en.json",8,CORRECT_MUCH_LONGER,"correct=45 avg_others=16"
INFO,"deuteronomy_quiz_en.json",9,CORRECT_MUCH_LONGER,"correct=58 avg_others=6"
INFO,"deuteronomy_quiz_en.json",11,CORRECT_MUCH_LONGER,"correct=50 avg_others=15"
INFO,"deuteronomy_quiz_en.json",12,CORRECT_MUCH_LONGER,"correct=46 avg_others=17"
INFO,"deuteronomy_quiz_en.json",13,CORRECT_MUCH_LONGER,"correct=41 avg_others=15"
INFO,"deuteronomy_quiz_en.json",14,CORRECT_MUCH_LONGER,"correct=53 avg_others=12"
INFO,"deuteronomy_quiz_en.json",16,CORRECT_MUCH_LONGER,"correct=50 avg_others=14"
INFO,"deuteronomy_quiz_en.json",17,CORRECT_MUCH_LONGER,"correct=50 avg_others=19"
INFO,"deuteronomy_quiz_en.json",18,CORRECT_MUCH_LONGER,"correct=72 avg_others=14"
INFO,"deuteronomy_quiz_en.json",19,CORRECT_MUCH_LONGER,"correct=54 avg_others=21"
INFO,"deuteronomy_quiz_en.json",20,CORRECT_MUCH_LONGER,"correct=49 avg_others=15"
INFO,"deuteronomy_quiz_en.json",23,CORRECT_MUCH_LONGER,"correct=73 avg_others=22"
INFO,"deuteronomy_quiz_en.json",24,CORRECT_MUCH_LONGER,"correct=67 avg_others=27"
INFO,"deuteronomy_quiz_en.json",25,CORRECT_MUCH_LONGER,"correct=71 avg_others=18"
INFO,"deuteronomy_quiz_en.json",27,CORRECT_MUCH_LONGER,"correct=39 avg_others=8"
INFO,"deuteronomy_quiz_en.json",28,CORRECT_MUCH_LONGER,"correct=62 avg_others=20"
INFO,"deuteronomy_quiz_en.json",29,CORRECT_MUCH_LONGER,"correct=47 avg_others=9"
INFO,"deuteronomy_quiz_en.json",30,CORRECT_MUCH_LONGER,"correct=55 avg_others=9"
INFO,"deuteronomy_quiz_en.json",37,CORRECT_MUCH_LONGER,"correct=122 avg_others=47"
INFO,"deuteronomy_quiz_en.json",38,CORRECT_MUCH_LONGER,"correct=195 avg_others=75"
INFO,"deuteronomy_quiz_en.json",41,CORRECT_MUCH_LONGER,"correct=131 avg_others=51"
INFO,"deuteronomy_quiz.json vs deuteronomy_quiz_en.json",31,PAIR_VERSESTART_DRIFT,"vi=7 en=5"
WARN,"deuteronomy_quiz.json vs deuteronomy_quiz_en.json",53,PAIR_ANSWER_DRIFT,"vi=[0] en=[3]"
INFO,"ecclesiastes_quiz.json",2,CORRECT_MUCH_LONGER,"correct=40 avg_others=15"
INFO,"ecclesiastes_quiz.json",3,CORRECT_MUCH_LONGER,"correct=34 avg_others=10"
INFO,"ecclesiastes_quiz.json",4,CORRECT_MUCH_LONGER,"correct=64 avg_others=17"
INFO,"ecclesiastes_quiz.json",6,CORRECT_MUCH_LONGER,"correct=64 avg_others=13"
INFO,"ecclesiastes_quiz.json",8,CORRECT_MUCH_LONGER,"correct=52 avg_others=16"
INFO,"ecclesiastes_quiz.json",9,CORRECT_MUCH_LONGER,"correct=38 avg_others=12"
INFO,"ecclesiastes_quiz.json",11,CORRECT_MUCH_LONGER,"correct=44 avg_others=10"
INFO,"ecclesiastes_quiz.json",18,CORRECT_MUCH_LONGER,"correct=45 avg_others=10"
INFO,"ecclesiastes_quiz_en.json",0,CORRECT_MUCH_LONGER,"correct=73 avg_others=18"
INFO,"ecclesiastes_quiz_en.json",1,CORRECT_MUCH_LONGER,"correct=34 avg_others=13"
INFO,"ecclesiastes_quiz_en.json",3,CORRECT_MUCH_LONGER,"correct=39 avg_others=4"
INFO,"ecclesiastes_quiz_en.json",4,CORRECT_MUCH_LONGER,"correct=72 avg_others=19"
INFO,"ecclesiastes_quiz_en.json",5,CORRECT_MUCH_LONGER,"correct=56 avg_others=21"
INFO,"ecclesiastes_quiz_en.json",6,CORRECT_MUCH_LONGER,"correct=60 avg_others=23"
INFO,"ecclesiastes_quiz_en.json",7,CORRECT_MUCH_LONGER,"correct=57 avg_others=20"
INFO,"ecclesiastes_quiz_en.json",8,CORRECT_MUCH_LONGER,"correct=84 avg_others=16"
INFO,"ecclesiastes_quiz_en.json",18,CORRECT_MUCH_LONGER,"correct=42 avg_others=17"
INFO,"ephesians_quiz.json",2,CORRECT_MUCH_LONGER,"correct=49 avg_others=14"
INFO,"ephesians_quiz.json",5,CORRECT_MUCH_LONGER,"correct=35 avg_others=12"
INFO,"ephesians_quiz.json",6,CORRECT_MUCH_LONGER,"correct=63 avg_others=8"
INFO,"ephesians_quiz.json",8,CORRECT_MUCH_LONGER,"correct=64 avg_others=9"
INFO,"ephesians_quiz.json",9,CORRECT_MUCH_LONGER,"correct=55 avg_others=15"
INFO,"ephesians_quiz.json",10,CORRECT_MUCH_LONGER,"correct=93 avg_others=8"
INFO,"ephesians_quiz.json",11,CORRECT_MUCH_LONGER,"correct=93 avg_others=11"
INFO,"ephesians_quiz.json",12,CORRECT_MUCH_LONGER,"correct=60 avg_others=14"
INFO,"ephesians_quiz.json",15,CORRECT_MUCH_LONGER,"correct=50 avg_others=16"
INFO,"ephesians_quiz.json",20,CORRECT_MUCH_LONGER,"correct=56 avg_others=21"
INFO,"ephesians_quiz.json",49,CORRECT_MUCH_LONGER,"correct=154 avg_others=57"
INFO,"ephesians_quiz_en.json",2,CORRECT_MUCH_LONGER,"correct=38 avg_others=14"
INFO,"ephesians_quiz_en.json",3,CORRECT_MUCH_LONGER,"correct=46 avg_others=16"
INFO,"ephesians_quiz_en.json",4,CORRECT_MUCH_LONGER,"correct=47 avg_others=18"
INFO,"ephesians_quiz_en.json",5,CORRECT_MUCH_LONGER,"correct=39 avg_others=11"
INFO,"ephesians_quiz_en.json",6,CORRECT_MUCH_LONGER,"correct=64 avg_others=10"
INFO,"ephesians_quiz_en.json",8,CORRECT_MUCH_LONGER,"correct=64 avg_others=9"
INFO,"ephesians_quiz_en.json",10,CORRECT_MUCH_LONGER,"correct=46 avg_others=8"
INFO,"ephesians_quiz_en.json",11,CORRECT_MUCH_LONGER,"correct=123 avg_others=13"
INFO,"ephesians_quiz_en.json",12,CORRECT_MUCH_LONGER,"correct=60 avg_others=18"
INFO,"ephesians_quiz_en.json",15,CORRECT_MUCH_LONGER,"correct=38 avg_others=14"
INFO,"ephesians_quiz_en.json",18,CORRECT_MUCH_LONGER,"correct=51 avg_others=17"
INFO,"ephesians_quiz_en.json",19,CORRECT_MUCH_LONGER,"correct=80 avg_others=22"
INFO,"esther_quiz.json",1,CORRECT_MUCH_LONGER,"correct=39 avg_others=14"
INFO,"esther_quiz.json",6,CORRECT_MUCH_LONGER,"correct=35 avg_others=12"
INFO,"esther_quiz.json",7,CORRECT_MUCH_LONGER,"correct=50 avg_others=8"
INFO,"esther_quiz.json",8,CORRECT_MUCH_LONGER,"correct=68 avg_others=12"
INFO,"esther_quiz.json",10,CORRECT_MUCH_LONGER,"correct=42 avg_others=12"
INFO,"esther_quiz.json",11,CORRECT_MUCH_LONGER,"correct=37 avg_others=8"
INFO,"esther_quiz.json",12,CORRECT_MUCH_LONGER,"correct=32 avg_others=8"
INFO,"esther_quiz_en.json",1,CORRECT_MUCH_LONGER,"correct=47 avg_others=18"
INFO,"esther_quiz_en.json",2,CORRECT_MUCH_LONGER,"correct=33 avg_others=8"
INFO,"esther_quiz_en.json",7,CORRECT_MUCH_LONGER,"correct=57 avg_others=11"
INFO,"esther_quiz_en.json",8,CORRECT_MUCH_LONGER,"correct=92 avg_others=20"
INFO,"esther_quiz_en.json",9,CORRECT_MUCH_LONGER,"correct=31 avg_others=8"
INFO,"esther_quiz_en.json",10,CORRECT_MUCH_LONGER,"correct=45 avg_others=15"
INFO,"esther_quiz_en.json",11,CORRECT_MUCH_LONGER,"correct=50 avg_others=7"
INFO,"esther_quiz_en.json",12,CORRECT_MUCH_LONGER,"correct=40 avg_others=6"
INFO,"esther_quiz_en.json",19,VERSE_RANGE_DRIFT,"metadata=20-22 cite=""Esther 9:26"" → 26-26"
INFO,"exodus_quiz.json",46,CORRECT_MUCH_LONGER,"correct=34 avg_others=13"
INFO,"exodus_quiz.json",62,CORRECT_MUCH_LONGER,"correct=46 avg_others=17"
INFO,"exodus_quiz.json",64,CORRECT_MUCH_LONGER,"correct=44 avg_others=16"
INFO,"exodus_quiz.json",66,CORRECT_MUCH_LONGER,"correct=66 avg_others=22"
INFO,"exodus_quiz.json",73,CORRECT_MUCH_LONGER,"correct=68 avg_others=18"
INFO,"exodus_quiz.json",96,CORRECT_MUCH_LONGER,"correct=75 avg_others=15"
INFO,"exodus_quiz.json",99,CORRECT_MUCH_LONGER,"correct=108 avg_others=35"
INFO,"exodus_quiz.json",116,CORRECT_MUCH_LONGER,"correct=96 avg_others=28"
WARN,"exodus_quiz.json",134,CHAPTER_MISMATCH,"metadata=7 cite=""Xuất 12:12"" → 12"
INFO,"exodus_quiz.json",135,VERSE_RANGE_DRIFT,"metadata=31-35 cite=""Xuất 16:14-15"" → 14-15"
INFO,"exodus_quiz_en.json",2,CORRECT_MUCH_LONGER,"correct=51 avg_others=13"
INFO,"exodus_quiz_en.json",73,CORRECT_MUCH_LONGER,"correct=85 avg_others=25"
WARN,"exodus_quiz_en.json",134,CHAPTER_MISMATCH,"metadata=7 cite=""Exodus 12:12"" → 12"
INFO,"exodus_quiz_en.json",135,VERSE_RANGE_DRIFT,"metadata=31-35 cite=""Exodus 16:14-15"" → 14-15"
WARN,"exodus_quiz.json vs exodus_quiz_en.json",136,PAIR_ANSWER_DRIFT,"vi=[0, 2] en=[0, 1, 2]"
INFO,"ezekiel_quiz.json",0,CORRECT_MUCH_LONGER,"correct=33 avg_others=11"
INFO,"ezekiel_quiz.json",1,CORRECT_MUCH_LONGER,"correct=39 avg_others=15"
INFO,"ezekiel_quiz.json",2,CORRECT_MUCH_LONGER,"correct=83 avg_others=16"
INFO,"ezekiel_quiz.json",4,CORRECT_MUCH_LONGER,"correct=48 avg_others=9"
INFO,"ezekiel_quiz.json",5,CORRECT_MUCH_LONGER,"correct=59 avg_others=13"
INFO,"ezekiel_quiz.json",6,CORRECT_MUCH_LONGER,"correct=44 avg_others=11"
INFO,"ezekiel_quiz.json",7,CORRECT_MUCH_LONGER,"correct=36 avg_others=10"
INFO,"ezekiel_quiz.json",30,CORRECT_MUCH_LONGER,"correct=63 avg_others=23"
INFO,"ezekiel_quiz.json",34,CORRECT_MUCH_LONGER,"correct=60 avg_others=14"
INFO,"ezekiel_quiz.json",39,CORRECT_MUCH_LONGER,"correct=87 avg_others=22"
INFO,"ezekiel_quiz.json",41,VERSE_RANGE_DRIFT,"metadata=13-13 cite=""Ê-xê-chi-ên 47:21-23"" → 21-23"
INFO,"ezekiel_quiz.json",41,CORRECT_MUCH_LONGER,"correct=106 avg_others=16"
INFO,"ezekiel_quiz.json",42,CORRECT_MUCH_LONGER,"correct=79 avg_others=14"
INFO,"ezekiel_quiz.json",43,CORRECT_MUCH_LONGER,"correct=136 avg_others=39"
INFO,"ezekiel_quiz.json",44,CORRECT_MUCH_LONGER,"correct=123 avg_others=24"
INFO,"ezekiel_quiz.json",45,CORRECT_MUCH_LONGER,"correct=94 avg_others=24"
INFO,"ezekiel_quiz.json",46,CORRECT_MUCH_LONGER,"correct=168 avg_others=25"
WARN,"ezekiel_quiz.json",48,CHAPTER_MISMATCH,"metadata=39 cite=""Ê-xê-chi-ên 38:2-3"" → 38"
INFO,"ezekiel_quiz.json",48,CORRECT_MUCH_LONGER,"correct=188 avg_others=31"
INFO,"ezekiel_quiz.json",49,CORRECT_MUCH_LONGER,"correct=192 avg_others=19"
INFO,"ezekiel_quiz_en.json",2,CORRECT_MUCH_LONGER,"correct=73 avg_others=28"
INFO,"ezekiel_quiz_en.json",4,CORRECT_MUCH_LONGER,"correct=62 avg_others=12"
INFO,"ezekiel_quiz_en.json",5,CORRECT_MUCH_LONGER,"correct=71 avg_others=20"
INFO,"ezekiel_quiz_en.json",6,CORRECT_MUCH_LONGER,"correct=38 avg_others=11"
INFO,"ezekiel_quiz_en.json",7,CORRECT_MUCH_LONGER,"correct=41 avg_others=10"
INFO,"ezekiel_quiz_en.json",10,CORRECT_MUCH_LONGER,"correct=58 avg_others=17"
INFO,"ezekiel_quiz_en.json",14,CORRECT_MUCH_LONGER,"correct=37 avg_others=10"
INFO,"ezekiel_quiz_en.json",15,CORRECT_MUCH_LONGER,"correct=43 avg_others=17"
INFO,"ezekiel_quiz_en.json",41,VERSE_RANGE_DRIFT,"metadata=13-13 cite=""Ezekiel 47:21-23"" → 21-23"
WARN,"ezekiel_quiz_en.json",48,CHAPTER_MISMATCH,"metadata=39 cite=""Ezekiel 38:2-3"" → 38"
INFO,"ezra_quiz.json",5,CORRECT_MUCH_LONGER,"correct=42 avg_others=16"
INFO,"ezra_quiz.json",7,CORRECT_MUCH_LONGER,"correct=64 avg_others=20"
INFO,"ezra_quiz.json",20,CORRECT_MUCH_LONGER,"correct=70 avg_others=26"
INFO,"ezra_quiz_en.json",3,CORRECT_MUCH_LONGER,"correct=69 avg_others=19"
INFO,"ezra_quiz_en.json",7,CORRECT_MUCH_LONGER,"correct=76 avg_others=15"
INFO,"ezra_quiz_en.json",18,CORRECT_MUCH_LONGER,"correct=92 avg_others=27"
INFO,"ezra_quiz_en.json",19,CORRECT_MUCH_LONGER,"correct=48 avg_others=19"
INFO,"ezra_quiz_en.json",20,CORRECT_MUCH_LONGER,"correct=79 avg_others=27"
INFO,"galatians_quiz.json",2,CORRECT_MUCH_LONGER,"correct=47 avg_others=12"
INFO,"galatians_quiz.json",7,CORRECT_MUCH_LONGER,"correct=48 avg_others=11"
INFO,"galatians_quiz.json",8,CORRECT_MUCH_LONGER,"correct=65 avg_others=7"
INFO,"galatians_quiz.json",9,CORRECT_MUCH_LONGER,"correct=80 avg_others=7"
INFO,"galatians_quiz.json",10,CORRECT_MUCH_LONGER,"correct=66 avg_others=11"
INFO,"galatians_quiz.json",43,CORRECT_MUCH_LONGER,"correct=128 avg_others=15"
INFO,"galatians_quiz.json",44,CORRECT_MUCH_LONGER,"correct=84 avg_others=20"
INFO,"galatians_quiz.json",45,CORRECT_MUCH_LONGER,"correct=128 avg_others=17"
INFO,"galatians_quiz.json",46,CORRECT_MUCH_LONGER,"correct=172 avg_others=17"
INFO,"galatians_quiz.json",47,CORRECT_MUCH_LONGER,"correct=110 avg_others=25"
INFO,"galatians_quiz.json",48,CORRECT_MUCH_LONGER,"correct=69 avg_others=13"
INFO,"galatians_quiz.json",49,CORRECT_MUCH_LONGER,"correct=71 avg_others=23"
INFO,"galatians_quiz_en.json",2,CORRECT_MUCH_LONGER,"correct=43 avg_others=15"
INFO,"galatians_quiz_en.json",3,CORRECT_MUCH_LONGER,"correct=48 avg_others=15"
INFO,"galatians_quiz_en.json",8,CORRECT_MUCH_LONGER,"correct=71 avg_others=9"
INFO,"galatians_quiz_en.json",9,CORRECT_MUCH_LONGER,"correct=62 avg_others=10"
INFO,"galatians_quiz_en.json",10,CORRECT_MUCH_LONGER,"correct=62 avg_others=12"
WARN,"galatians_quiz.json vs galatians_quiz_en.json",1,PAIR_ANSWER_DRIFT,"vi=[0] en=[2]"
INFO,"genesis_quiz.json",67,CORRECT_MUCH_LONGER,"correct=67 avg_others=20"
INFO,"genesis_quiz.json",86,CORRECT_MUCH_LONGER,"correct=36 avg_others=13"
INFO,"genesis_quiz.json",88,CORRECT_MUCH_LONGER,"correct=31 avg_others=8"
INFO,"genesis_quiz.json",92,CORRECT_MUCH_LONGER,"correct=48 avg_others=11"
INFO,"genesis_quiz.json",94,CORRECT_MUCH_LONGER,"correct=61 avg_others=20"
INFO,"genesis_quiz.json",98,CORRECT_MUCH_LONGER,"correct=46 avg_others=12"
INFO,"genesis_quiz.json",99,CORRECT_MUCH_LONGER,"correct=45 avg_others=15"
WARN,"genesis_quiz.json",101,CHAPTER_MISMATCH,"metadata=15 cite=""Sáng 12:7"" → 12"
WARN,"genesis_quiz.json",106,CHAPTER_MISMATCH,"metadata=26 cite=""Sáng 12:10-20"" → 12"
INFO,"genesis_quiz_en.json",19,CORRECT_MUCH_LONGER,"correct=50 avg_others=19"
INFO,"genesis_quiz_en.json",72,CORRECT_MUCH_LONGER,"correct=33 avg_others=13"
INFO,"genesis_quiz_en.json",79,CORRECT_MUCH_LONGER,"correct=42 avg_others=9"
INFO,"genesis_quiz_en.json",83,CORRECT_MUCH_LONGER,"correct=44 avg_others=9"
INFO,"genesis_quiz_en.json",88,CORRECT_MUCH_LONGER,"correct=37 avg_others=7"
INFO,"genesis_quiz_en.json",92,CORRECT_MUCH_LONGER,"correct=42 avg_others=13"
INFO,"genesis_quiz_en.json",94,CORRECT_MUCH_LONGER,"correct=66 avg_others=21"
INFO,"genesis_quiz_en.json",95,CORRECT_MUCH_LONGER,"correct=45 avg_others=13"
INFO,"genesis_quiz_en.json",98,CORRECT_MUCH_LONGER,"correct=37 avg_others=12"
INFO,"genesis_quiz_en.json",99,CORRECT_MUCH_LONGER,"correct=57 avg_others=17"
INFO,"habakkuk_quiz.json",0,CORRECT_MUCH_LONGER,"correct=82 avg_others=15"
INFO,"habakkuk_quiz.json",1,CORRECT_MUCH_LONGER,"correct=76 avg_others=8"
INFO,"habakkuk_quiz.json",2,CORRECT_MUCH_LONGER,"correct=55 avg_others=14"
INFO,"habakkuk_quiz.json",6,CORRECT_MUCH_LONGER,"correct=58 avg_others=12"
INFO,"habakkuk_quiz.json",7,CORRECT_MUCH_LONGER,"correct=32 avg_others=9"
INFO,"habakkuk_quiz.json",9,CORRECT_MUCH_LONGER,"correct=41 avg_others=8"
INFO,"habakkuk_quiz.json",10,CORRECT_MUCH_LONGER,"correct=38 avg_others=7"
INFO,"habakkuk_quiz.json",11,CORRECT_MUCH_LONGER,"correct=49 avg_others=12"
INFO,"habakkuk_quiz.json",16,CORRECT_MUCH_LONGER,"correct=37 avg_others=13"
INFO,"habakkuk_quiz_en.json",0,CORRECT_MUCH_LONGER,"correct=56 avg_others=16"
INFO,"habakkuk_quiz_en.json",1,CORRECT_MUCH_LONGER,"correct=58 avg_others=7"
INFO,"habakkuk_quiz_en.json",6,CORRECT_MUCH_LONGER,"correct=74 avg_others=16"
INFO,"habakkuk_quiz_en.json",7,CORRECT_MUCH_LONGER,"correct=32 avg_others=8"
INFO,"habakkuk_quiz_en.json",8,CORRECT_MUCH_LONGER,"correct=56 avg_others=10"
INFO,"habakkuk_quiz_en.json",9,CORRECT_MUCH_LONGER,"correct=63 avg_others=10"
INFO,"habakkuk_quiz_en.json",10,CORRECT_MUCH_LONGER,"correct=39 avg_others=9"
INFO,"habakkuk_quiz_en.json",11,CORRECT_MUCH_LONGER,"correct=54 avg_others=12"
INFO,"habakkuk_quiz_en.json",16,CORRECT_MUCH_LONGER,"correct=38 avg_others=11"
INFO,"haggai_quiz_en.json",11,CORRECT_MUCH_LONGER,"correct=51 avg_others=15"
INFO,"hebrews_quiz.json",0,CORRECT_MUCH_LONGER,"correct=108 avg_others=15"
INFO,"hebrews_quiz.json",1,CORRECT_MUCH_LONGER,"correct=38 avg_others=12"
INFO,"hebrews_quiz.json",2,CORRECT_MUCH_LONGER,"correct=46 avg_others=14"
INFO,"hebrews_quiz.json",3,CORRECT_MUCH_LONGER,"correct=42 avg_others=10"
INFO,"hebrews_quiz.json",4,CORRECT_MUCH_LONGER,"correct=51 avg_others=17"
INFO,"hebrews_quiz.json",5,CORRECT_MUCH_LONGER,"correct=37 avg_others=10"
INFO,"hebrews_quiz.json",7,CORRECT_MUCH_LONGER,"correct=36 avg_others=12"
INFO,"hebrews_quiz.json",19,CORRECT_MUCH_LONGER,"correct=38 avg_others=12"
INFO,"hebrews_quiz.json",26,CORRECT_MUCH_LONGER,"correct=33 avg_others=13"
INFO,"hebrews_quiz.json",36,CORRECT_MUCH_LONGER,"correct=95 avg_others=29"
INFO,"hebrews_quiz.json",38,CORRECT_MUCH_LONGER,"correct=60 avg_others=13"
INFO,"hebrews_quiz_en.json",0,CORRECT_MUCH_LONGER,"correct=66 avg_others=16"
INFO,"hebrews_quiz_en.json",2,CORRECT_MUCH_LONGER,"correct=39 avg_others=11"
INFO,"hebrews_quiz_en.json",3,CORRECT_MUCH_LONGER,"correct=53 avg_others=6"
INFO,"hebrews_quiz_en.json",4,CORRECT_MUCH_LONGER,"correct=47 avg_others=15"
INFO,"hebrews_quiz_en.json",5,CORRECT_MUCH_LONGER,"correct=50 avg_others=11"
INFO,"hebrews_quiz_en.json",7,CORRECT_MUCH_LONGER,"correct=38 avg_others=15"
INFO,"hebrews_quiz_en.json",16,CORRECT_MUCH_LONGER,"correct=50 avg_others=17"
INFO,"hebrews_quiz_en.json",19,CORRECT_MUCH_LONGER,"correct=43 avg_others=15"
INFO,"hosea_quiz.json",2,CORRECT_MUCH_LONGER,"correct=35 avg_others=8"
INFO,"hosea_quiz.json",12,CORRECT_MUCH_LONGER,"correct=72 avg_others=23"
INFO,"hosea_quiz.json",14,CORRECT_MUCH_LONGER,"correct=76 avg_others=19"
INFO,"hosea_quiz.json",18,CORRECT_MUCH_LONGER,"correct=73 avg_others=16"
INFO,"hosea_quiz_en.json",4,CORRECT_MUCH_LONGER,"correct=81 avg_others=28"
INFO,"hosea_quiz_en.json",7,CORRECT_MUCH_LONGER,"correct=39 avg_others=12"
INFO,"hosea_quiz_en.json",10,CORRECT_MUCH_LONGER,"correct=55 avg_others=17"
INFO,"hosea_quiz_en.json",12,CORRECT_MUCH_LONGER,"correct=62 avg_others=16"
INFO,"hosea_quiz_en.json",14,CORRECT_MUCH_LONGER,"correct=75 avg_others=20"
INFO,"hosea_quiz_en.json",17,CORRECT_MUCH_LONGER,"correct=61 avg_others=19"
INFO,"hosea_quiz_en.json",18,CORRECT_MUCH_LONGER,"correct=66 avg_others=19"
WARN,"hosea_quiz.json vs hosea_quiz_en.json",20,PAIR_CHAPTER_DRIFT,"vi=1 en=2"
INFO,"hosea_quiz.json vs hosea_quiz_en.json",20,PAIR_VERSESTART_DRIFT,"vi=9 en=23"
WARN,"hosea_quiz.json vs hosea_quiz_en.json",20,PAIR_ANSWER_DRIFT,"vi=[1] en=[0]"
WARN,"hosea_quiz.json vs hosea_quiz_en.json",23,PAIR_ANSWER_DRIFT,"vi=[0, 1] en=[0, 1, 2]"
INFO,"isaiah_quiz.json",1,CORRECT_MUCH_LONGER,"correct=32 avg_others=12"
INFO,"isaiah_quiz.json",3,CORRECT_MUCH_LONGER,"correct=60 avg_others=12"
INFO,"isaiah_quiz.json",6,CORRECT_MUCH_LONGER,"correct=34 avg_others=12"
INFO,"isaiah_quiz.json",10,CORRECT_MUCH_LONGER,"correct=71 avg_others=13"
INFO,"isaiah_quiz.json",11,CORRECT_MUCH_LONGER,"correct=33 avg_others=8"
INFO,"isaiah_quiz.json",13,CORRECT_MUCH_LONGER,"correct=49 avg_others=16"
INFO,"isaiah_quiz.json",14,CORRECT_MUCH_LONGER,"correct=49 avg_others=13"
INFO,"isaiah_quiz.json",18,CORRECT_MUCH_LONGER,"correct=38 avg_others=10"
INFO,"isaiah_quiz.json",30,CORRECT_MUCH_LONGER,"correct=56 avg_others=12"
INFO,"isaiah_quiz.json",31,CORRECT_MUCH_LONGER,"correct=79 avg_others=22"
INFO,"isaiah_quiz.json",35,CORRECT_MUCH_LONGER,"correct=95 avg_others=28"
INFO,"isaiah_quiz.json",36,CORRECT_MUCH_LONGER,"correct=47 avg_others=16"
INFO,"isaiah_quiz.json",40,CORRECT_MUCH_LONGER,"correct=126 avg_others=50"
INFO,"isaiah_quiz.json",41,CORRECT_MUCH_LONGER,"correct=154 avg_others=54"
INFO,"isaiah_quiz.json",42,CORRECT_MUCH_LONGER,"correct=164 avg_others=45"
INFO,"isaiah_quiz.json",43,CORRECT_MUCH_LONGER,"correct=76 avg_others=23"
INFO,"isaiah_quiz.json",45,CORRECT_MUCH_LONGER,"correct=180 avg_others=32"
INFO,"isaiah_quiz.json",47,CORRECT_MUCH_LONGER,"correct=183 avg_others=73"
INFO,"isaiah_quiz.json",48,CORRECT_MUCH_LONGER,"correct=92 avg_others=18"
INFO,"isaiah_quiz.json",49,CORRECT_MUCH_LONGER,"correct=131 avg_others=21"
INFO,"isaiah_quiz.json",60,CORRECT_MUCH_LONGER,"correct=76 avg_others=19"
INFO,"isaiah_quiz.json",61,CORRECT_MUCH_LONGER,"correct=184 avg_others=59"
INFO,"isaiah_quiz.json",65,CORRECT_MUCH_LONGER,"correct=80 avg_others=26"
INFO,"isaiah_quiz.json",68,CORRECT_MUCH_LONGER,"correct=202 avg_others=62"
INFO,"isaiah_quiz.json",73,CORRECT_MUCH_LONGER,"correct=132 avg_others=38"
INFO,"isaiah_quiz.json",87,CORRECT_MUCH_LONGER,"correct=251 avg_others=80"
INFO,"isaiah_quiz.json",88,CORRECT_MUCH_LONGER,"correct=232 avg_others=68"
INFO,"isaiah_quiz.json",89,CORRECT_MUCH_LONGER,"correct=442 avg_others=103"
WARN,"isaiah_quiz.json",90,CHAPTER_MISMATCH,"metadata=53 cite=""Ê-sai 52:13-53"" → 52"
INFO,"isaiah_quiz.json",91,CORRECT_MUCH_LONGER,"correct=223 avg_others=64"
INFO,"isaiah_quiz.json",93,CORRECT_MUCH_LONGER,"correct=181 avg_others=28"
INFO,"isaiah_quiz.json",94,CORRECT_MUCH_LONGER,"correct=126 avg_others=25"
INFO,"isaiah_quiz.json",95,CORRECT_MUCH_LONGER,"correct=181 avg_others=28"
INFO,"isaiah_quiz.json",96,CORRECT_MUCH_LONGER,"correct=259 avg_others=18"
INFO,"isaiah_quiz.json",97,CORRECT_MUCH_LONGER,"correct=200 avg_others=57"
INFO,"isaiah_quiz.json",98,CORRECT_MUCH_LONGER,"correct=119 avg_others=19"
INFO,"isaiah_quiz_en.json",1,CORRECT_MUCH_LONGER,"correct=33 avg_others=11"
INFO,"isaiah_quiz_en.json",3,CORRECT_MUCH_LONGER,"correct=37 avg_others=9"
INFO,"isaiah_quiz_en.json",6,CORRECT_MUCH_LONGER,"correct=48 avg_others=15"
INFO,"isaiah_quiz_en.json",10,CORRECT_MUCH_LONGER,"correct=68 avg_others=11"
INFO,"isaiah_quiz_en.json",11,CORRECT_MUCH_LONGER,"correct=47 avg_others=7"
INFO,"isaiah_quiz_en.json",14,CORRECT_MUCH_LONGER,"correct=41 avg_others=11"
INFO,"isaiah_quiz_en.json",18,CORRECT_MUCH_LONGER,"correct=40 avg_others=11"
INFO,"isaiah_quiz_en.json",20,CORRECT_MUCH_LONGER,"correct=70 avg_others=27"
WARN,"isaiah_quiz_en.json",90,CHAPTER_MISMATCH,"metadata=53 cite=""Isaiah 52:13-53"" → 52"
WARN,"isaiah_quiz.json vs isaiah_quiz_en.json",42,PAIR_ANSWER_DRIFT,"vi=[0] en=[1]"
WARN,"isaiah_quiz.json vs isaiah_quiz_en.json",62,PAIR_CHAPTER_DRIFT,"vi=4 en=61"
INFO,"isaiah_quiz.json vs isaiah_quiz_en.json",62,PAIR_VERSESTART_DRIFT,"vi=18 en=1"
WARN,"isaiah_quiz.json vs isaiah_quiz_en.json",73,PAIR_ANSWER_DRIFT,"vi=[0] en=[2]"
INFO,"james_quiz.json",2,CORRECT_MUCH_LONGER,"correct=47 avg_others=12"
INFO,"james_quiz.json",10,CORRECT_MUCH_LONGER,"correct=134 avg_others=7"
INFO,"james_quiz.json",15,CORRECT_MUCH_LONGER,"correct=73 avg_others=22"
INFO,"james_quiz.json",19,CORRECT_MUCH_LONGER,"correct=34 avg_others=11"
INFO,"james_quiz.json",20,CORRECT_MUCH_LONGER,"correct=55 avg_others=11"
INFO,"james_quiz.json",22,CORRECT_MUCH_LONGER,"correct=100 avg_others=22"
INFO,"james_quiz.json",26,CORRECT_MUCH_LONGER,"correct=140 avg_others=16"
INFO,"james_quiz.json",36,CORRECT_MUCH_LONGER,"correct=160 avg_others=53"
INFO,"james_quiz_en.json",2,CORRECT_MUCH_LONGER,"correct=39 avg_others=12"
INFO,"james_quiz_en.json",3,CORRECT_MUCH_LONGER,"correct=45 avg_others=18"
INFO,"james_quiz_en.json",4,CORRECT_MUCH_LONGER,"correct=34 avg_others=11"
INFO,"james_quiz_en.json",5,CORRECT_MUCH_LONGER,"correct=46 avg_others=7"
INFO,"james_quiz_en.json",10,CORRECT_MUCH_LONGER,"correct=38 avg_others=6"
INFO,"james_quiz_en.json",11,CORRECT_MUCH_LONGER,"correct=37 avg_others=10"
INFO,"james_quiz_en.json",15,CORRECT_MUCH_LONGER,"correct=79 avg_others=25"
INFO,"jeremiah_quiz.json",1,CORRECT_MUCH_LONGER,"correct=52 avg_others=9"
INFO,"jeremiah_quiz.json",3,CORRECT_MUCH_LONGER,"correct=55 avg_others=16"
INFO,"jeremiah_quiz.json",6,CORRECT_MUCH_LONGER,"correct=46 avg_others=9"
INFO,"jeremiah_quiz.json",7,CORRECT_MUCH_LONGER,"correct=46 avg_others=8"
INFO,"jeremiah_quiz.json",8,CORRECT_MUCH_LONGER,"correct=69 avg_others=18"
INFO,"jeremiah_quiz.json",10,CORRECT_MUCH_LONGER,"correct=46 avg_others=17"
INFO,"jeremiah_quiz.json",11,CORRECT_MUCH_LONGER,"correct=55 avg_others=21"
INFO,"jeremiah_quiz.json",15,CORRECT_MUCH_LONGER,"correct=56 avg_others=18"
INFO,"jeremiah_quiz.json",18,CORRECT_MUCH_LONGER,"correct=46 avg_others=11"
INFO,"jeremiah_quiz.json",20,CORRECT_MUCH_LONGER,"correct=72 avg_others=24"
INFO,"jeremiah_quiz.json",26,CORRECT_MUCH_LONGER,"correct=169 avg_others=58"
INFO,"jeremiah_quiz.json",31,CORRECT_MUCH_LONGER,"correct=62 avg_others=23"
INFO,"jeremiah_quiz.json",39,CORRECT_MUCH_LONGER,"correct=88 avg_others=28"
INFO,"jeremiah_quiz_en.json",0,CORRECT_MUCH_LONGER,"correct=43 avg_others=13"
INFO,"jeremiah_quiz_en.json",1,CORRECT_MUCH_LONGER,"correct=85 avg_others=7"
INFO,"jeremiah_quiz_en.json",3,CORRECT_MUCH_LONGER,"correct=63 avg_others=17"
INFO,"jeremiah_quiz_en.json",6,CORRECT_MUCH_LONGER,"correct=56 avg_others=10"
INFO,"jeremiah_quiz_en.json",7,CORRECT_MUCH_LONGER,"correct=74 avg_others=10"
INFO,"jeremiah_quiz_en.json",8,CORRECT_MUCH_LONGER,"correct=84 avg_others=15"
INFO,"jeremiah_quiz_en.json",10,CORRECT_MUCH_LONGER,"correct=44 avg_others=17"
INFO,"jeremiah_quiz_en.json",11,CORRECT_MUCH_LONGER,"correct=56 avg_others=19"
INFO,"jeremiah_quiz_en.json",15,CORRECT_MUCH_LONGER,"correct=52 avg_others=13"
INFO,"jeremiah_quiz_en.json",17,CORRECT_MUCH_LONGER,"correct=32 avg_others=8"
INFO,"jeremiah_quiz_en.json",18,CORRECT_MUCH_LONGER,"correct=51 avg_others=12"
WARN,"jeremiah_quiz.json vs jeremiah_quiz_en.json",23,PAIR_ANSWER_DRIFT,"vi=[2] en=[3]"
INFO,"job_quiz.json",0,CORRECT_MUCH_LONGER,"correct=51 avg_others=11"
INFO,"job_quiz.json",1,CORRECT_MUCH_LONGER,"correct=61 avg_others=19"
INFO,"job_quiz.json",2,CORRECT_MUCH_LONGER,"correct=126 avg_others=14"
INFO,"job_quiz.json",3,CORRECT_MUCH_LONGER,"correct=38 avg_others=12"
INFO,"job_quiz.json",6,CORRECT_MUCH_LONGER,"correct=32 avg_others=10"
INFO,"job_quiz.json",9,CORRECT_MUCH_LONGER,"correct=31 avg_others=9"
INFO,"job_quiz.json",10,CORRECT_MUCH_LONGER,"correct=55 avg_others=8"
INFO,"job_quiz.json",12,CORRECT_MUCH_LONGER,"correct=85 avg_others=29"
INFO,"job_quiz.json",18,CORRECT_MUCH_LONGER,"correct=41 avg_others=12"
INFO,"job_quiz_en.json",0,CORRECT_MUCH_LONGER,"correct=50 avg_others=11"
INFO,"job_quiz_en.json",2,CORRECT_MUCH_LONGER,"correct=80 avg_others=16"
INFO,"job_quiz_en.json",3,CORRECT_MUCH_LONGER,"correct=39 avg_others=15"
INFO,"job_quiz_en.json",6,CORRECT_MUCH_LONGER,"correct=46 avg_others=12"
INFO,"job_quiz_en.json",9,CORRECT_MUCH_LONGER,"correct=47 avg_others=11"
INFO,"job_quiz_en.json",10,CORRECT_MUCH_LONGER,"correct=55 avg_others=7"
INFO,"job_quiz_en.json",11,CORRECT_MUCH_LONGER,"correct=49 avg_others=18"
INFO,"job_quiz_en.json",12,CORRECT_MUCH_LONGER,"correct=74 avg_others=19"
INFO,"job_quiz_en.json",18,CORRECT_MUCH_LONGER,"correct=33 avg_others=11"
INFO,"joel_quiz_en.json",1,CORRECT_MUCH_LONGER,"correct=53 avg_others=16"
INFO,"john_quiz.json",23,CORRECT_MUCH_LONGER,"correct=50 avg_others=11"
INFO,"john_quiz.json",24,CORRECT_MUCH_LONGER,"correct=82 avg_others=21"
INFO,"john_quiz.json",31,CORRECT_MUCH_LONGER,"correct=45 avg_others=12"
INFO,"john_quiz.json",36,CORRECT_MUCH_LONGER,"correct=57 avg_others=11"
INFO,"john_quiz.json",37,CORRECT_MUCH_LONGER,"correct=33 avg_others=8"
INFO,"john_quiz.json",43,CORRECT_MUCH_LONGER,"correct=46 avg_others=12"
INFO,"john_quiz.json",54,CORRECT_MUCH_LONGER,"correct=143 avg_others=30"
INFO,"john_quiz.json",73,CORRECT_MUCH_LONGER,"correct=39 avg_others=7"
INFO,"john_quiz.json",74,CORRECT_MUCH_LONGER,"correct=62 avg_others=23"
INFO,"john_quiz.json",77,CORRECT_MUCH_LONGER,"correct=47 avg_others=12"
INFO,"john_quiz.json",82,CORRECT_MUCH_LONGER,"correct=59 avg_others=21"
INFO,"john_quiz.json",83,CORRECT_MUCH_LONGER,"correct=51 avg_others=15"
INFO,"john_quiz.json",84,CORRECT_MUCH_LONGER,"correct=36 avg_others=9"
INFO,"john_quiz.json",88,CORRECT_MUCH_LONGER,"correct=44 avg_others=17"
INFO,"john_quiz.json",93,CORRECT_MUCH_LONGER,"correct=68 avg_others=16"
INFO,"john_quiz.json",94,CORRECT_MUCH_LONGER,"correct=32 avg_others=8"
INFO,"john_quiz.json",96,CORRECT_MUCH_LONGER,"correct=71 avg_others=21"
INFO,"john_quiz.json",98,CORRECT_MUCH_LONGER,"correct=33 avg_others=13"
WARN,"john_quiz.json",104,CHAPTER_MISMATCH,"metadata=8 cite=""Giăng 1:4-5"" → 1"
WARN,"john_quiz.json",110,CHAPTER_MISMATCH,"metadata=19 cite=""Giăng 3:1-21"" → 3"
INFO,"john_quiz.json",114,VERSE_RANGE_DRIFT,"metadata=33-38 cite=""Giăng 18:33-19"" → 33-19"
INFO,"john_quiz_en.json",24,CORRECT_MUCH_LONGER,"correct=86 avg_others=30"
INFO,"john_quiz_en.json",30,CORRECT_MUCH_LONGER,"correct=57 avg_others=18"
INFO,"john_quiz_en.json",35,CORRECT_MUCH_LONGER,"correct=52 avg_others=13"
INFO,"john_quiz_en.json",36,CORRECT_MUCH_LONGER,"correct=31 avg_others=7"
INFO,"john_quiz_en.json",42,CORRECT_MUCH_LONGER,"correct=31 avg_others=10"
INFO,"john_quiz_en.json",47,CORRECT_MUCH_LONGER,"correct=53 avg_others=14"
INFO,"john_quiz_en.json",50,CORRECT_MUCH_LONGER,"correct=41 avg_others=12"
INFO,"john_quiz_en.json",52,CORRECT_MUCH_LONGER,"correct=51 avg_others=18"
INFO,"john_quiz_en.json",53,CORRECT_MUCH_LONGER,"correct=61 avg_others=22"
INFO,"john_quiz_en.json",72,CORRECT_MUCH_LONGER,"correct=36 avg_others=5"
INFO,"john_quiz_en.json",73,CORRECT_MUCH_LONGER,"correct=67 avg_others=21"
INFO,"john_quiz_en.json",75,CORRECT_MUCH_LONGER,"correct=61 avg_others=22"
INFO,"john_quiz_en.json",76,CORRECT_MUCH_LONGER,"correct=33 avg_others=8"
INFO,"john_quiz_en.json",81,CORRECT_MUCH_LONGER,"correct=57 avg_others=21"
INFO,"john_quiz_en.json",82,CORRECT_MUCH_LONGER,"correct=73 avg_others=9"
INFO,"john_quiz_en.json",83,CORRECT_MUCH_LONGER,"correct=34 avg_others=10"
INFO,"john_quiz_en.json",87,CORRECT_MUCH_LONGER,"correct=42 avg_others=16"
INFO,"john_quiz_en.json",88,CORRECT_MUCH_LONGER,"correct=33 avg_others=10"
INFO,"john_quiz_en.json",90,CORRECT_MUCH_LONGER,"correct=36 avg_others=8"
INFO,"john_quiz_en.json",92,CORRECT_MUCH_LONGER,"correct=101 avg_others=23"
INFO,"john_quiz_en.json",95,CORRECT_MUCH_LONGER,"correct=87 avg_others=28"
INFO,"john_quiz_en.json",96,CORRECT_MUCH_LONGER,"correct=45 avg_others=10"
INFO,"john_quiz_en.json",99,CORRECT_MUCH_LONGER,"correct=38 avg_others=15"
WARN,"john_quiz_en.json",101,CHAPTER_MISMATCH,"metadata=12 cite=""John 3:14"" → 3"
WARN,"john_quiz_en.json",103,CHAPTER_MISMATCH,"metadata=8 cite=""John 1:4-5"" → 1"
INFO,"john_quiz_en.json",113,VERSE_RANGE_DRIFT,"metadata=33-38 cite=""John 18:33-19"" → 33-19"
WARN,"john_quiz.json vs john_quiz_en.json",31,PAIR_CHAPTER_DRIFT,"vi=4 en=6"
INFO,"john_quiz.json vs john_quiz_en.json",31,PAIR_VERSESTART_DRIFT,"vi=14 en=35"
WARN,"john_quiz.json vs john_quiz_en.json",32,PAIR_CHAPTER_DRIFT,"vi=6 en=10"
INFO,"john_quiz.json vs john_quiz_en.json",32,PAIR_VERSESTART_DRIFT,"vi=35 en=11"
WARN,"john_quiz.json vs john_quiz_en.json",32,PAIR_ANSWER_DRIFT,"vi=[3] en=[2]"
WARN,"john_quiz.json vs john_quiz_en.json",33,PAIR_CHAPTER_DRIFT,"vi=10 en=1"
WARN,"john_quiz.json vs john_quiz_en.json",33,PAIR_ANSWER_DRIFT,"vi=[2] en=[0]"
INFO,"john_quiz.json vs john_quiz_en.json",34,PAIR_VERSESTART_DRIFT,"vi=11 en=14"
WARN,"john_quiz.json vs john_quiz_en.json",34,PAIR_ANSWER_DRIFT,"vi=[0] en=[1]"
INFO,"john_quiz.json vs john_quiz_en.json",35,PAIR_VERSESTART_DRIFT,"vi=14 en=29"
WARN,"john_quiz.json vs john_quiz_en.json",35,PAIR_ANSWER_DRIFT,"vi=[1] en=[3]"
INFO,"john_quiz.json vs john_quiz_en.json",36,PAIR_VERSESTART_DRIFT,"vi=29 en=42"
WARN,"john_quiz.json vs john_quiz_en.json",36,PAIR_ANSWER_DRIFT,"vi=[3] en=[0]"
WARN,"john_quiz.json vs john_quiz_en.json",37,PAIR_CHAPTER_DRIFT,"vi=1 en=2"
INFO,"john_quiz.json vs john_quiz_en.json",37,PAIR_VERSESTART_DRIFT,"vi=42 en=13"
WARN,"john_quiz.json vs john_quiz_en.json",37,PAIR_ANSWER_DRIFT,"vi=[0] en=[2]"
INFO,"john_quiz.json vs john_quiz_en.json",38,PAIR_VERSESTART_DRIFT,"vi=13 en=19"
WARN,"john_quiz.json vs john_quiz_en.json",39,PAIR_CHAPTER_DRIFT,"vi=2 en=3"
INFO,"john_quiz.json vs john_quiz_en.json",39,PAIR_VERSESTART_DRIFT,"vi=19 en=5"
WARN,"john_quiz.json vs john_quiz_en.json",39,PAIR_ANSWER_DRIFT,"vi=[2] en=[3]"
INFO,"john_quiz.json vs john_quiz_en.json",40,PAIR_VERSESTART_DRIFT,"vi=5 en=8"
WARN,"john_quiz.json vs john_quiz_en.json",40,PAIR_ANSWER_DRIFT,"vi=[3] en=[1]"
INFO,"john_quiz.json vs john_quiz_en.json",41,PAIR_VERSESTART_DRIFT,"vi=8 en=30"
INFO,"john_quiz.json vs john_quiz_en.json",42,PAIR_VERSESTART_DRIFT,"vi=30 en=36"
WARN,"john_quiz.json vs john_quiz_en.json",42,PAIR_ANSWER_DRIFT,"vi=[1] en=[3]"
WARN,"john_quiz.json vs john_quiz_en.json",43,PAIR_CHAPTER_DRIFT,"vi=3 en=4"
INFO,"john_quiz.json vs john_quiz_en.json",43,PAIR_VERSESTART_DRIFT,"vi=36 en=24"
WARN,"john_quiz.json vs john_quiz_en.json",43,PAIR_ANSWER_DRIFT,"vi=[3] en=[2]"
INFO,"john_quiz.json vs john_quiz_en.json",44,PAIR_VERSESTART_DRIFT,"vi=24 en=35"
INFO,"john_quiz.json vs john_quiz_en.json",45,PAIR_VERSESTART_DRIFT,"vi=35 en=46"
WARN,"john_quiz.json vs john_quiz_en.json",45,PAIR_ANSWER_DRIFT,"vi=[2] en=[3]"
WARN,"john_quiz.json vs john_quiz_en.json",46,PAIR_CHAPTER_DRIFT,"vi=4 en=5"
INFO,"john_quiz.json vs john_quiz_en.json",46,PAIR_VERSESTART_DRIFT,"vi=46 en=8"
WARN,"john_quiz.json vs john_quiz_en.json",46,PAIR_ANSWER_DRIFT,"vi=[3] en=[0]"
INFO,"john_quiz.json vs john_quiz_en.json",47,PAIR_VERSESTART_DRIFT,"vi=8 en=24"
WARN,"john_quiz.json vs john_quiz_en.json",47,PAIR_ANSWER_DRIFT,"vi=[0] en=[1]"
INFO,"john_quiz.json vs john_quiz_en.json",48,PAIR_VERSESTART_DRIFT,"vi=24 en=30"
WARN,"john_quiz.json vs john_quiz_en.json",48,PAIR_ANSWER_DRIFT,"vi=[1] en=[3]"
INFO,"john_quiz.json vs john_quiz_en.json",49,PAIR_VERSESTART_DRIFT,"vi=30 en=39"
WARN,"john_quiz.json vs john_quiz_en.json",49,PAIR_ANSWER_DRIFT,"vi=[3] en=[2]"
WARN,"john_quiz.json vs john_quiz_en.json",50,PAIR_CHAPTER_DRIFT,"vi=5 en=6"
INFO,"john_quiz.json vs john_quiz_en.json",50,PAIR_VERSESTART_DRIFT,"vi=39 en=14"
WARN,"john_quiz.json vs john_quiz_en.json",50,PAIR_ANSWER_DRIFT,"vi=[2] en=[1]"
INFO,"john_quiz.json vs john_quiz_en.json",51,PAIR_VERSESTART_DRIFT,"vi=14 en=51"
WARN,"john_quiz.json vs john_quiz_en.json",51,PAIR_ANSWER_DRIFT,"vi=[1] en=[2]"
INFO,"john_quiz.json vs john_quiz_en.json",52,PAIR_VERSESTART_DRIFT,"vi=51 en=53"
INFO,"john_quiz.json vs john_quiz_en.json",53,PAIR_VERSESTART_DRIFT,"vi=53 en=67"
WARN,"john_quiz.json vs john_quiz_en.json",53,PAIR_ANSWER_DRIFT,"vi=[2] en=[3]"
WARN,"john_quiz.json vs john_quiz_en.json",54,PAIR_CHAPTER_DRIFT,"vi=6 en=7"
INFO,"john_quiz.json vs john_quiz_en.json",54,PAIR_VERSESTART_DRIFT,"vi=67 en=38"
WARN,"john_quiz.json vs john_quiz_en.json",54,PAIR_ANSWER_DRIFT,"vi=[3] en=[1]"
INFO,"john_quiz.json vs john_quiz_en.json",55,PAIR_VERSESTART_DRIFT,"vi=38 en=46"
WARN,"john_quiz.json vs john_quiz_en.json",55,PAIR_ANSWER_DRIFT,"vi=[1] en=[3]"
WARN,"john_quiz.json vs john_quiz_en.json",56,PAIR_CHAPTER_DRIFT,"vi=7 en=8"
INFO,"john_quiz.json vs john_quiz_en.json",56,PAIR_VERSESTART_DRIFT,"vi=46 en=7"
WARN,"john_quiz.json vs john_quiz_en.json",56,PAIR_ANSWER_DRIFT,"vi=[3] en=[1]"
INFO,"john_quiz.json vs john_quiz_en.json",57,PAIR_VERSESTART_DRIFT,"vi=7 en=32"
WARN,"john_quiz.json vs john_quiz_en.json",57,PAIR_ANSWER_DRIFT,"vi=[1] en=[3]"
INFO,"john_quiz.json vs john_quiz_en.json",58,PAIR_VERSESTART_DRIFT,"vi=32 en=36"
WARN,"john_quiz.json vs john_quiz_en.json",58,PAIR_ANSWER_DRIFT,"vi=[3] en=[2]"
INFO,"john_quiz.json vs john_quiz_en.json",59,PAIR_VERSESTART_DRIFT,"vi=36 en=44"
WARN,"john_quiz.json vs john_quiz_en.json",59,PAIR_ANSWER_DRIFT,"vi=[2] en=[3]"
INFO,"john_quiz.json vs john_quiz_en.json",60,PAIR_VERSESTART_DRIFT,"vi=44 en=58"
WARN,"john_quiz.json vs john_quiz_en.json",60,PAIR_ANSWER_DRIFT,"vi=[3] en=[2]"
WARN,"john_quiz.json vs john_quiz_en.json",61,PAIR_CHAPTER_DRIFT,"vi=8 en=9"
INFO,"john_quiz.json vs john_quiz_en.json",61,PAIR_VERSESTART_DRIFT,"vi=58 en=25"
WARN,"john_quiz.json vs john_quiz_en.json",62,PAIR_CHAPTER_DRIFT,"vi=9 en=10"
INFO,"john_quiz.json vs john_quiz_en.json",62,PAIR_VERSESTART_DRIFT,"vi=25 en=9"
WARN,"john_quiz.json vs john_quiz_en.json",62,PAIR_ANSWER_DRIFT,"vi=[2] en=[1]"
INFO,"john_quiz.json vs john_quiz_en.json",63,PAIR_VERSESTART_DRIFT,"vi=9 en=27"
INFO,"john_quiz.json vs john_quiz_en.json",64,PAIR_VERSESTART_DRIFT,"vi=27 en=30"
WARN,"john_quiz.json vs john_quiz_en.json",64,PAIR_ANSWER_DRIFT,"vi=[1] en=[3]"
WARN,"john_quiz.json vs john_quiz_en.json",65,PAIR_CHAPTER_DRIFT,"vi=10 en=11"
INFO,"john_quiz.json vs john_quiz_en.json",65,PAIR_VERSESTART_DRIFT,"vi=30 en=11"
WARN,"john_quiz.json vs john_quiz_en.json",65,PAIR_ANSWER_DRIFT,"vi=[3] en=[0]"
INFO,"john_quiz.json vs john_quiz_en.json",66,PAIR_VERSESTART_DRIFT,"vi=11 en=35"
INFO,"john_quiz.json vs john_quiz_en.json",67,PAIR_VERSESTART_DRIFT,"vi=35 en=43"
WARN,"john_quiz.json vs john_quiz_en.json",67,PAIR_ANSWER_DRIFT,"vi=[0] en=[2]"
WARN,"john_quiz.json vs john_quiz_en.json",68,PAIR_CHAPTER_DRIFT,"vi=11 en=12"
INFO,"john_quiz.json vs john_quiz_en.json",68,PAIR_VERSESTART_DRIFT,"vi=43 en=3"
WARN,"john_quiz.json vs john_quiz_en.json",68,PAIR_ANSWER_DRIFT,"vi=[2] en=[1]"
INFO,"john_quiz.json vs john_quiz_en.json",69,PAIR_VERSESTART_DRIFT,"vi=3 en=13"
WARN,"john_quiz.json vs john_quiz_en.json",69,PAIR_ANSWER_DRIFT,"vi=[1] en=[3]"
INFO,"john_quiz.json vs john_quiz_en.json",70,PAIR_VERSESTART_DRIFT,"vi=13 en=24"
WARN,"john_quiz.json vs john_quiz_en.json",70,PAIR_ANSWER_DRIFT,"vi=[3] en=[2]"
WARN,"john_quiz.json vs john_quiz_en.json",71,PAIR_CHAPTER_DRIFT,"vi=12 en=13"
INFO,"john_quiz.json vs john_quiz_en.json",71,PAIR_VERSESTART_DRIFT,"vi=24 en=5"
INFO,"john_quiz.json vs john_quiz_en.json",72,PAIR_VERSESTART_DRIFT,"vi=5 en=23"
WARN,"john_quiz.json vs john_quiz_en.json",72,PAIR_ANSWER_DRIFT,"vi=[2] en=[3]"
WARN,"john_quiz.json vs john_quiz_en.json",73,PAIR_CHAPTER_DRIFT,"vi=13 en=14"
INFO,"john_quiz.json vs john_quiz_en.json",73,PAIR_VERSESTART_DRIFT,"vi=23 en=1"
WARN,"john_quiz.json vs john_quiz_en.json",73,PAIR_ANSWER_DRIFT,"vi=[3] en=[0]"
INFO,"john_quiz.json vs john_quiz_en.json",74,PAIR_VERSESTART_DRIFT,"vi=1 en=2"
WARN,"john_quiz.json vs john_quiz_en.json",74,PAIR_ANSWER_DRIFT,"vi=[0] en=[3]"
INFO,"john_quiz.json vs john_quiz_en.json",75,PAIR_VERSESTART_DRIFT,"vi=2 en=26"
WARN,"john_quiz.json vs john_quiz_en.json",75,PAIR_ANSWER_DRIFT,"vi=[3] en=[1]"
INFO,"john_quiz.json vs john_quiz_en.json",76,PAIR_VERSESTART_DRIFT,"vi=26 en=27"
WARN,"john_quiz.json vs john_quiz_en.json",76,PAIR_ANSWER_DRIFT,"vi=[1] en=[2]"
WARN,"john_quiz.json vs john_quiz_en.json",77,PAIR_CHAPTER_DRIFT,"vi=14 en=15"
INFO,"john_quiz.json vs john_quiz_en.json",77,PAIR_VERSESTART_DRIFT,"vi=27 en=13"
WARN,"john_quiz.json vs john_quiz_en.json",77,PAIR_ANSWER_DRIFT,"vi=[2] en=[3]"
INFO,"john_quiz.json vs john_quiz_en.json",78,PAIR_VERSESTART_DRIFT,"vi=13 en=16"
WARN,"john_quiz.json vs john_quiz_en.json",78,PAIR_ANSWER_DRIFT,"vi=[3] en=[1]"
WARN,"john_quiz.json vs john_quiz_en.json",79,PAIR_CHAPTER_DRIFT,"vi=15 en=16"
INFO,"john_quiz.json vs john_quiz_en.json",79,PAIR_VERSESTART_DRIFT,"vi=16 en=24"
WARN,"john_quiz.json vs john_quiz_en.json",79,PAIR_ANSWER_DRIFT,"vi=[1] en=[3]"
INFO,"john_quiz.json vs john_quiz_en.json",80,PAIR_VERSESTART_DRIFT,"vi=24 en=33"
WARN,"john_quiz.json vs john_quiz_en.json",80,PAIR_ANSWER_DRIFT,"vi=[3] en=[2]"
WARN,"john_quiz.json vs john_quiz_en.json",81,PAIR_CHAPTER_DRIFT,"vi=16 en=17"
INFO,"john_quiz.json vs john_quiz_en.json",81,PAIR_VERSESTART_DRIFT,"vi=33 en=3"
WARN,"john_quiz.json vs john_quiz_en.json",81,PAIR_ANSWER_DRIFT,"vi=[2] en=[0]"
INFO,"john_quiz.json vs john_quiz_en.json",82,PAIR_VERSESTART_DRIFT,"vi=3 en=11"
WARN,"john_quiz.json vs john_quiz_en.json",82,PAIR_ANSWER_DRIFT,"vi=[0] en=[1]"
WARN,"john_quiz.json vs john_quiz_en.json",83,PAIR_CHAPTER_DRIFT,"vi=17 en=18"
INFO,"john_quiz.json vs john_quiz_en.json",83,PAIR_VERSESTART_DRIFT,"vi=11 en=10"
WARN,"john_quiz.json vs john_quiz_en.json",83,PAIR_ANSWER_DRIFT,"vi=[1] en=[3]"
INFO,"john_quiz.json vs john_quiz_en.json",84,PAIR_VERSESTART_DRIFT,"vi=10 en=36"
WARN,"john_quiz.json vs john_quiz_en.json",84,PAIR_ANSWER_DRIFT,"vi=[3] en=[2]"
INFO,"john_quiz.json vs john_quiz_en.json",85,PAIR_VERSESTART_DRIFT,"vi=36 en=38"
WARN,"john_quiz.json vs john_quiz_en.json",85,PAIR_ANSWER_DRIFT,"vi=[2] en=[1]"
WARN,"john_quiz.json vs john_quiz_en.json",86,PAIR_CHAPTER_DRIFT,"vi=18 en=19"
INFO,"john_quiz.json vs john_quiz_en.json",86,PAIR_VERSESTART_DRIFT,"vi=38 en=5"
WARN,"john_quiz.json vs john_quiz_en.json",86,PAIR_ANSWER_DRIFT,"vi=[1] en=[3]"
INFO,"john_quiz.json vs john_quiz_en.json",87,PAIR_VERSESTART_DRIFT,"vi=5 en=19"
WARN,"john_quiz.json vs john_quiz_en.json",87,PAIR_ANSWER_DRIFT,"vi=[3] en=[0]"
INFO,"john_quiz.json vs john_quiz_en.json",88,PAIR_VERSESTART_DRIFT,"vi=19 en=26"
WARN,"john_quiz.json vs john_quiz_en.json",88,PAIR_ANSWER_DRIFT,"vi=[0] en=[2]"
INFO,"john_quiz.json vs john_quiz_en.json",89,PAIR_VERSESTART_DRIFT,"vi=26 en=34"
WARN,"john_quiz.json vs john_quiz_en.json",89,PAIR_ANSWER_DRIFT,"vi=[2] en=[1]"
WARN,"john_quiz.json vs john_quiz_en.json",90,PAIR_CHAPTER_DRIFT,"vi=19 en=20"
INFO,"john_quiz.json vs john_quiz_en.json",90,PAIR_VERSESTART_DRIFT,"vi=34 en=8"
WARN,"john_quiz.json vs john_quiz_en.json",90,PAIR_ANSWER_DRIFT,"vi=[1] en=[2]"
INFO,"john_quiz.json vs john_quiz_en.json",91,PAIR_VERSESTART_DRIFT,"vi=8 en=21"
WARN,"john_quiz.json vs john_quiz_en.json",91,PAIR_ANSWER_DRIFT,"vi=[2] en=[1]"
INFO,"john_quiz.json vs john_quiz_en.json",92,PAIR_VERSESTART_DRIFT,"vi=21 en=25"
WARN,"john_quiz.json vs john_quiz_en.json",92,PAIR_ANSWER_DRIFT,"vi=[1] en=[2]"
WARN,"john_quiz.json vs john_quiz_en.json",93,PAIR_CHAPTER_DRIFT,"vi=20 en=21"
INFO,"john_quiz.json vs john_quiz_en.json",93,PAIR_VERSESTART_DRIFT,"vi=25 en=6"
WARN,"john_quiz.json vs john_quiz_en.json",93,PAIR_ANSWER_DRIFT,"vi=[2] en=[1]"
INFO,"john_quiz.json vs john_quiz_en.json",94,PAIR_VERSESTART_DRIFT,"vi=6 en=15"
WARN,"john_quiz.json vs john_quiz_en.json",94,PAIR_ANSWER_DRIFT,"vi=[1] en=[2]"
INFO,"john_quiz.json vs john_quiz_en.json",95,PAIR_VERSESTART_DRIFT,"vi=15 en=18"
WARN,"john_quiz.json vs john_quiz_en.json",95,PAIR_ANSWER_DRIFT,"vi=[2] en=[3]"
WARN,"john_quiz.json vs john_quiz_en.json",96,PAIR_CHAPTER_DRIFT,"vi=21 en=4"
INFO,"john_quiz.json vs john_quiz_en.json",96,PAIR_VERSESTART_DRIFT,"vi=18 en=48"
WARN,"john_quiz.json vs john_quiz_en.json",97,PAIR_CHAPTER_DRIFT,"vi=4 en=9"
INFO,"john_quiz.json vs john_quiz_en.json",97,PAIR_VERSESTART_DRIFT,"vi=48 en=7"
WARN,"john_quiz.json vs john_quiz_en.json",97,PAIR_ANSWER_DRIFT,"vi=[3] en=[2]"
WARN,"john_quiz.json vs john_quiz_en.json",98,PAIR_CHAPTER_DRIFT,"vi=9 en=14"
INFO,"john_quiz.json vs john_quiz_en.json",98,PAIR_VERSESTART_DRIFT,"vi=7 en=9"
WARN,"john_quiz.json vs john_quiz_en.json",98,PAIR_ANSWER_DRIFT,"vi=[2] en=[3]"
WARN,"john_quiz.json vs john_quiz_en.json",99,PAIR_CHAPTER_DRIFT,"vi=14 en=17"
INFO,"john_quiz.json vs john_quiz_en.json",99,PAIR_VERSESTART_DRIFT,"vi=9 en=21"
WARN,"john_quiz.json vs john_quiz_en.json",100,PAIR_CHAPTER_DRIFT,"vi=17 en=2"
INFO,"john_quiz.json vs john_quiz_en.json",100,PAIR_VERSESTART_DRIFT,"vi=21 en=11"
WARN,"john_quiz.json vs john_quiz_en.json",100,PAIR_ANSWER_DRIFT,"vi=[3] en=[0, 1, 2]"
WARN,"john_quiz.json vs john_quiz_en.json",100,PAIR_TYPE_DRIFT,"vi=multiple_choice_single en=multiple_choice_multi"
WARN,"john_quiz.json vs john_quiz_en.json",101,PAIR_CHAPTER_DRIFT,"vi=2 en=12"
INFO,"john_quiz.json vs john_quiz_en.json",101,PAIR_VERSESTART_DRIFT,"vi=11 en=32"
WARN,"john_quiz.json vs john_quiz_en.json",101,PAIR_ANSWER_DRIFT,"vi=[0, 1, 2] en=[1]"
WARN,"john_quiz.json vs john_quiz_en.json",101,PAIR_TYPE_DRIFT,"vi=multiple_choice_multi en=multiple_choice_single"
WARN,"john_quiz.json vs john_quiz_en.json",102,PAIR_CHAPTER_DRIFT,"vi=12 en=11"
INFO,"john_quiz.json vs john_quiz_en.json",102,PAIR_VERSESTART_DRIFT,"vi=32 en=55"
WARN,"john_quiz.json vs john_quiz_en.json",102,PAIR_ANSWER_DRIFT,"vi=[1] en=[2]"
WARN,"john_quiz.json vs john_quiz_en.json",103,PAIR_CHAPTER_DRIFT,"vi=11 en=8"
INFO,"john_quiz.json vs john_quiz_en.json",103,PAIR_VERSESTART_DRIFT,"vi=55 en=12"
WARN,"john_quiz.json vs john_quiz_en.json",103,PAIR_ANSWER_DRIFT,"vi=[2] en=[3]"
WARN,"john_quiz.json vs john_quiz_en.json",104,PAIR_CHAPTER_DRIFT,"vi=8 en=13"
INFO,"john_quiz.json vs john_quiz_en.json",104,PAIR_VERSESTART_DRIFT,"vi=12 en=23"
WARN,"john_quiz.json vs john_quiz_en.json",104,PAIR_ANSWER_DRIFT,"vi=[3] en=[0, 1, 2]"
WARN,"john_quiz.json vs john_quiz_en.json",104,PAIR_TYPE_DRIFT,"vi=multiple_choice_single en=multiple_choice_multi"
WARN,"john_quiz.json vs john_quiz_en.json",105,PAIR_CHAPTER_DRIFT,"vi=13 en=12"
WARN,"john_quiz.json vs john_quiz_en.json",105,PAIR_ANSWER_DRIFT,"vi=[0, 1, 2] en=[0]"
WARN,"john_quiz.json vs john_quiz_en.json",105,PAIR_TYPE_DRIFT,"vi=multiple_choice_multi en=multiple_choice_single"
WARN,"john_quiz.json vs john_quiz_en.json",106,PAIR_CHAPTER_DRIFT,"vi=12 en=6"
INFO,"john_quiz.json vs john_quiz_en.json",106,PAIR_VERSESTART_DRIFT,"vi=23 en=67"
WARN,"john_quiz.json vs john_quiz_en.json",106,PAIR_ANSWER_DRIFT,"vi=[0] en=[1]"
WARN,"john_quiz.json vs john_quiz_en.json",107,PAIR_CHAPTER_DRIFT,"vi=6 en=20"
INFO,"john_quiz.json vs john_quiz_en.json",107,PAIR_VERSESTART_DRIFT,"vi=67 en=3"
WARN,"john_quiz.json vs john_quiz_en.json",107,PAIR_ANSWER_DRIFT,"vi=[1] en=[2]"
WARN,"john_quiz.json vs john_quiz_en.json",108,PAIR_CHAPTER_DRIFT,"vi=20 en=6"
INFO,"john_quiz.json vs john_quiz_en.json",108,PAIR_VERSESTART_DRIFT,"vi=3 en=35"
WARN,"john_quiz.json vs john_quiz_en.json",108,PAIR_ANSWER_DRIFT,"vi=[2] en=[0, 1, 2]"
WARN,"john_quiz.json vs john_quiz_en.json",108,PAIR_TYPE_DRIFT,"vi=multiple_choice_single en=multiple_choice_multi"
WARN,"john_quiz.json vs john_quiz_en.json",109,PAIR_CHAPTER_DRIFT,"vi=6 en=19"
INFO,"john_quiz.json vs john_quiz_en.json",109,PAIR_VERSESTART_DRIFT,"vi=35 en=39"
WARN,"john_quiz.json vs john_quiz_en.json",109,PAIR_ANSWER_DRIFT,"vi=[0, 1, 2] en=[3]"
WARN,"john_quiz.json vs john_quiz_en.json",109,PAIR_TYPE_DRIFT,"vi=multiple_choice_multi en=multiple_choice_single"
WARN,"john_quiz.json vs john_quiz_en.json",110,PAIR_CHAPTER_DRIFT,"vi=19 en=9"
INFO,"john_quiz.json vs john_quiz_en.json",110,PAIR_VERSESTART_DRIFT,"vi=39 en=6"
WARN,"john_quiz.json vs john_quiz_en.json",110,PAIR_ANSWER_DRIFT,"vi=[3] en=[0]"
WARN,"john_quiz.json vs john_quiz_en.json",111,PAIR_CHAPTER_DRIFT,"vi=9 en=12"
INFO,"john_quiz.json vs john_quiz_en.json",111,PAIR_VERSESTART_DRIFT,"vi=6 en=1"
WARN,"john_quiz.json vs john_quiz_en.json",111,PAIR_ANSWER_DRIFT,"vi=[0] en=[1]"
WARN,"john_quiz.json vs john_quiz_en.json",112,PAIR_CHAPTER_DRIFT,"vi=12 en=5"
WARN,"john_quiz.json vs john_quiz_en.json",112,PAIR_ANSWER_DRIFT,"vi=[1] en=[2]"
WARN,"john_quiz.json vs john_quiz_en.json",113,PAIR_CHAPTER_DRIFT,"vi=5 en=18"
INFO,"john_quiz.json vs john_quiz_en.json",113,PAIR_VERSESTART_DRIFT,"vi=1 en=33"
WARN,"john_quiz.json vs john_quiz_en.json",113,PAIR_ANSWER_DRIFT,"vi=[2] en=[0, 1, 3]"
WARN,"john_quiz.json vs john_quiz_en.json",113,PAIR_TYPE_DRIFT,"vi=multiple_choice_single en=multiple_choice_multi"
WARN,"john_quiz.json vs john_quiz_en.json",114,PAIR_CHAPTER_DRIFT,"vi=18 en=13"
INFO,"john_quiz.json vs john_quiz_en.json",114,PAIR_VERSESTART_DRIFT,"vi=33 en=26"
WARN,"john_quiz.json vs john_quiz_en.json",114,PAIR_ANSWER_DRIFT,"vi=[0, 1, 3] en=[0]"
WARN,"john_quiz.json vs john_quiz_en.json",114,PAIR_TYPE_DRIFT,"vi=multiple_choice_multi en=multiple_choice_single"
WARN,"john_quiz.json vs john_quiz_en.json",115,PAIR_CHAPTER_DRIFT,"vi=13 en=18"
INFO,"john_quiz.json vs john_quiz_en.json",115,PAIR_VERSESTART_DRIFT,"vi=26 en=36"
WARN,"john_quiz.json vs john_quiz_en.json",115,PAIR_ANSWER_DRIFT,"vi=[0] en=[1]"
WARN,"john_quiz.json vs john_quiz_en.json",116,PAIR_CHAPTER_DRIFT,"vi=18 en=4"
INFO,"john_quiz.json vs john_quiz_en.json",116,PAIR_VERSESTART_DRIFT,"vi=36 en=23"
WARN,"john_quiz.json vs john_quiz_en.json",116,PAIR_ANSWER_DRIFT,"vi=[1] en=[2]"
WARN,"john_quiz.json vs john_quiz_en.json",117,PAIR_CHAPTER_DRIFT,"vi=4 en=6"
INFO,"john_quiz.json vs john_quiz_en.json",117,PAIR_VERSESTART_DRIFT,"vi=23 en=35"
WARN,"john_quiz.json vs john_quiz_en.json",117,PAIR_ANSWER_DRIFT,"vi=[2] en=[0]"
WARN,"john_quiz.json vs john_quiz_en.json",118,PAIR_CHAPTER_DRIFT,"vi=6 en=10"
INFO,"john_quiz.json vs john_quiz_en.json",118,PAIR_VERSESTART_DRIFT,"vi=35 en=11"
WARN,"john_quiz.json vs john_quiz_en.json",118,PAIR_ANSWER_DRIFT,"vi=[0] en=[3]"
WARN,"john_quiz.json vs john_quiz_en.json",119,PAIR_CHAPTER_DRIFT,"vi=10 en=11"
INFO,"john_quiz.json vs john_quiz_en.json",119,PAIR_VERSESTART_DRIFT,"vi=11 en=25"
WARN,"john_quiz.json vs john_quiz_en.json",119,PAIR_ANSWER_DRIFT,"vi=[3] en=[1]"
WARN,"john_quiz.json vs john_quiz_en.json",120,PAIR_CHAPTER_DRIFT,"vi=11 en=13"
INFO,"john_quiz.json vs john_quiz_en.json",120,PAIR_VERSESTART_DRIFT,"vi=25 en=34"
WARN,"john_quiz.json vs john_quiz_en.json",120,PAIR_ANSWER_DRIFT,"vi=[1] en=[2]"
WARN,"john_quiz.json vs john_quiz_en.json",121,PAIR_CHAPTER_DRIFT,"vi=13 en=14"
INFO,"john_quiz.json vs john_quiz_en.json",121,PAIR_VERSESTART_DRIFT,"vi=34 en=6"
WARN,"john_quiz.json vs john_quiz_en.json",121,PAIR_ANSWER_DRIFT,"vi=[2] en=[0]"
WARN,"john_quiz.json vs john_quiz_en.json",122,PAIR_CHAPTER_DRIFT,"vi=14 en=15"
INFO,"john_quiz.json vs john_quiz_en.json",122,PAIR_VERSESTART_DRIFT,"vi=6 en=4"
WARN,"john_quiz.json vs john_quiz_en.json",122,PAIR_ANSWER_DRIFT,"vi=[0] en=[3]"
WARN,"john_quiz.json vs john_quiz_en.json",123,PAIR_CHAPTER_DRIFT,"vi=15 en=1"
INFO,"john_quiz.json vs john_quiz_en.json",123,PAIR_VERSESTART_DRIFT,"vi=4 en=1"
WARN,"john_quiz.json vs john_quiz_en.json",123,PAIR_ANSWER_DRIFT,"vi=[3] en=[1]"
WARN,"john_quiz.json vs john_quiz_en.json",124,PAIR_CHAPTER_DRIFT,"vi=1 en=3"
INFO,"john_quiz.json vs john_quiz_en.json",124,PAIR_VERSESTART_DRIFT,"vi=1 en=16"
WARN,"john_quiz.json vs john_quiz_en.json",124,PAIR_ANSWER_DRIFT,"vi=[1] en=[3]"
WARN,"john_quiz.json vs john_quiz_en.json",125,PAIR_CHAPTER_DRIFT,"vi=3 en=5"
INFO,"john_quiz.json vs john_quiz_en.json",125,PAIR_VERSESTART_DRIFT,"vi=16 en=39"
WARN,"john_quiz.json vs john_quiz_en.json",125,PAIR_ANSWER_DRIFT,"vi=[3] en=[2]"
WARN,"john_quiz.json vs john_quiz_en.json",126,PAIR_CHAPTER_DRIFT,"vi=5 en=10"
INFO,"john_quiz.json vs john_quiz_en.json",126,PAIR_VERSESTART_DRIFT,"vi=39 en=10"
WARN,"john_quiz.json vs john_quiz_en.json",126,PAIR_ANSWER_DRIFT,"vi=[2] en=[0]"
WARN,"john_quiz.json vs john_quiz_en.json",127,PAIR_CHAPTER_DRIFT,"vi=10 en=14"
INFO,"john_quiz.json vs john_quiz_en.json",127,PAIR_VERSESTART_DRIFT,"vi=10 en=2"
WARN,"john_quiz.json vs john_quiz_en.json",127,PAIR_ANSWER_DRIFT,"vi=[0] en=[1]"
WARN,"john_quiz.json vs john_quiz_en.json",128,PAIR_CHAPTER_DRIFT,"vi=14 en=15"
INFO,"john_quiz.json vs john_quiz_en.json",128,PAIR_VERSESTART_DRIFT,"vi=2 en=13"
WARN,"john_quiz.json vs john_quiz_en.json",128,PAIR_ANSWER_DRIFT,"vi=[1] en=[2]"
WARN,"john_quiz.json vs john_quiz_en.json",129,PAIR_CHAPTER_DRIFT,"vi=15 en=20"
INFO,"john_quiz.json vs john_quiz_en.json",129,PAIR_VERSESTART_DRIFT,"vi=13 en=30"
WARN,"john_quiz.json vs john_quiz_en.json",129,PAIR_ANSWER_DRIFT,"vi=[2] en=[0]"
WARN,"john_quiz.json vs john_quiz_en.json",130,PAIR_CHAPTER_DRIFT,"vi=20 en=2"
INFO,"john_quiz.json vs john_quiz_en.json",130,PAIR_VERSESTART_DRIFT,"vi=30 en=1"
WARN,"john_quiz.json vs john_quiz_en.json",131,PAIR_CHAPTER_DRIFT,"vi=2 en=6"
INFO,"john_quiz.json vs john_quiz_en.json",131,PAIR_VERSESTART_DRIFT,"vi=1 en=9"
WARN,"john_quiz.json vs john_quiz_en.json",131,PAIR_ANSWER_DRIFT,"vi=[0] en=[1]"
WARN,"john_quiz.json vs john_quiz_en.json",132,PAIR_CHAPTER_DRIFT,"vi=6 en=11"
INFO,"john_quiz.json vs john_quiz_en.json",132,PAIR_VERSESTART_DRIFT,"vi=9 en=35"
WARN,"john_quiz.json vs john_quiz_en.json",132,PAIR_ANSWER_DRIFT,"vi=[1] en=[2]"
WARN,"john_quiz.json vs john_quiz_en.json",133,PAIR_CHAPTER_DRIFT,"vi=11 en=1"
WARN,"john_quiz.json vs john_quiz_en.json",133,PAIR_ANSWER_DRIFT,"vi=[2] en=[3]"
WARN,"john_quiz.json vs john_quiz_en.json",134,PAIR_CHAPTER_DRIFT,"vi=1 en=4"
INFO,"john_quiz.json vs john_quiz_en.json",134,PAIR_VERSESTART_DRIFT,"vi=35 en=6"
WARN,"john_quiz.json vs john_quiz_en.json",134,PAIR_ANSWER_DRIFT,"vi=[3] en=[0]"
WARN,"john_quiz.json vs john_quiz_en.json",135,PAIR_CHAPTER_DRIFT,"vi=4 en=18"
INFO,"john_quiz.json vs john_quiz_en.json",135,PAIR_VERSESTART_DRIFT,"vi=6 en=10"
WARN,"john_quiz.json vs john_quiz_en.json",135,PAIR_ANSWER_DRIFT,"vi=[0] en=[2]"
WARN,"john_quiz.json vs john_quiz_en.json",136,PAIR_CHAPTER_DRIFT,"vi=18 en=1"
INFO,"john_quiz.json vs john_quiz_en.json",136,PAIR_VERSESTART_DRIFT,"vi=10 en=29"
WARN,"john_quiz.json vs john_quiz_en.json",136,PAIR_ANSWER_DRIFT,"vi=[2] en=[1]"
WARN,"john_quiz.json vs john_quiz_en.json",137,PAIR_CHAPTER_DRIFT,"vi=1 en=2"
INFO,"john_quiz.json vs john_quiz_en.json",137,PAIR_VERSESTART_DRIFT,"vi=29 en=13"
WARN,"john_quiz.json vs john_quiz_en.json",137,PAIR_ANSWER_DRIFT,"vi=[1] en=[2]"
WARN,"john_quiz.json vs john_quiz_en.json",138,PAIR_CHAPTER_DRIFT,"vi=2 en=4"
INFO,"john_quiz.json vs john_quiz_en.json",138,PAIR_VERSESTART_DRIFT,"vi=13 en=46"
WARN,"john_quiz.json vs john_quiz_en.json",138,PAIR_ANSWER_DRIFT,"vi=[2] en=[3]"
WARN,"john_quiz.json vs john_quiz_en.json",139,PAIR_CHAPTER_DRIFT,"vi=4 en=5"
INFO,"john_quiz.json vs john_quiz_en.json",139,PAIR_VERSESTART_DRIFT,"vi=46 en=1"
WARN,"john_quiz.json vs john_quiz_en.json",139,PAIR_ANSWER_DRIFT,"vi=[3] en=[0]"
WARN,"john_quiz.json vs john_quiz_en.json",140,PAIR_CHAPTER_DRIFT,"vi=5 en=6"
INFO,"john_quiz.json vs john_quiz_en.json",140,PAIR_VERSESTART_DRIFT,"vi=1 en=51"
WARN,"john_quiz.json vs john_quiz_en.json",140,PAIR_ANSWER_DRIFT,"vi=[0] en=[1]"
WARN,"john_quiz.json vs john_quiz_en.json",141,PAIR_CHAPTER_DRIFT,"vi=6 en=7"
INFO,"john_quiz.json vs john_quiz_en.json",141,PAIR_VERSESTART_DRIFT,"vi=51 en=37"
WARN,"john_quiz.json vs john_quiz_en.json",141,PAIR_ANSWER_DRIFT,"vi=[1] en=[2]"
WARN,"john_quiz.json vs john_quiz_en.json",142,PAIR_CHAPTER_DRIFT,"vi=7 en=8"
INFO,"john_quiz.json vs john_quiz_en.json",142,PAIR_VERSESTART_DRIFT,"vi=37 en=31"
WARN,"john_quiz.json vs john_quiz_en.json",142,PAIR_ANSWER_DRIFT,"vi=[2] en=[0]"
INFO,"john_quiz.json vs john_quiz_en.json",143,PAIR_VERSESTART_DRIFT,"vi=31 en=36"
WARN,"john_quiz.json vs john_quiz_en.json",143,PAIR_ANSWER_DRIFT,"vi=[0] en=[3]"
WARN,"john_quiz.json vs john_quiz_en.json",144,PAIR_CHAPTER_DRIFT,"vi=8 en=9"
INFO,"john_quiz.json vs john_quiz_en.json",144,PAIR_VERSESTART_DRIFT,"vi=36 en=35"
WARN,"john_quiz.json vs john_quiz_en.json",144,PAIR_ANSWER_DRIFT,"vi=[3] en=[0]"
WARN,"john_quiz.json vs john_quiz_en.json",145,PAIR_CHAPTER_DRIFT,"vi=9 en=10"
INFO,"john_quiz.json vs john_quiz_en.json",145,PAIR_VERSESTART_DRIFT,"vi=35 en=27"
WARN,"john_quiz.json vs john_quiz_en.json",145,PAIR_ANSWER_DRIFT,"vi=[0] en=[1]"
WARN,"john_quiz.json vs john_quiz_en.json",146,PAIR_CHAPTER_DRIFT,"vi=10 en=11"
INFO,"john_quiz.json vs john_quiz_en.json",146,PAIR_VERSESTART_DRIFT,"vi=27 en=43"
WARN,"john_quiz.json vs john_quiz_en.json",146,PAIR_ANSWER_DRIFT,"vi=[1] en=[2]"
WARN,"john_quiz.json vs john_quiz_en.json",147,PAIR_CHAPTER_DRIFT,"vi=11 en=12"
INFO,"john_quiz.json vs john_quiz_en.json",147,PAIR_VERSESTART_DRIFT,"vi=43 en=24"
WARN,"john_quiz.json vs john_quiz_en.json",147,PAIR_ANSWER_DRIFT,"vi=[2] en=[3]"
WARN,"john_quiz.json vs john_quiz_en.json",148,PAIR_CHAPTER_DRIFT,"vi=12 en=13"
INFO,"john_quiz.json vs john_quiz_en.json",148,PAIR_VERSESTART_DRIFT,"vi=24 en=1"
WARN,"john_quiz.json vs john_quiz_en.json",148,PAIR_ANSWER_DRIFT,"vi=[3] en=[0]"
WARN,"john_quiz.json vs john_quiz_en.json",149,PAIR_CHAPTER_DRIFT,"vi=13 en=14"
INFO,"john_quiz.json vs john_quiz_en.json",149,PAIR_VERSESTART_DRIFT,"vi=1 en=13"
WARN,"john_quiz.json vs john_quiz_en.json",149,PAIR_ANSWER_DRIFT,"vi=[0] en=[1]"
INFO,"john_quiz.json vs john_quiz_en.json",150,PAIR_VERSESTART_DRIFT,"vi=13 en=26"
WARN,"john_quiz.json vs john_quiz_en.json",150,PAIR_ANSWER_DRIFT,"vi=[1] en=[2]"
INFO,"john_quiz.json vs john_quiz_en.json",151,PAIR_VERSESTART_DRIFT,"vi=26 en=27"
WARN,"john_quiz.json vs john_quiz_en.json",151,PAIR_ANSWER_DRIFT,"vi=[2] en=[0]"
WARN,"john_quiz.json vs john_quiz_en.json",152,PAIR_CHAPTER_DRIFT,"vi=14 en=15"
INFO,"john_quiz.json vs john_quiz_en.json",152,PAIR_VERSESTART_DRIFT,"vi=27 en=14"
WARN,"john_quiz.json vs john_quiz_en.json",152,PAIR_ANSWER_DRIFT,"vi=[0] en=[3]"
WARN,"john_quiz.json vs john_quiz_en.json",153,PAIR_CHAPTER_DRIFT,"vi=15 en=16"
INFO,"john_quiz.json vs john_quiz_en.json",153,PAIR_VERSESTART_DRIFT,"vi=14 en=8"
WARN,"john_quiz.json vs john_quiz_en.json",153,PAIR_ANSWER_DRIFT,"vi=[3] en=[0, 1, 2]"
WARN,"john_quiz.json vs john_quiz_en.json",153,PAIR_TYPE_DRIFT,"vi=multiple_choice_single en=multiple_choice_multi"
INFO,"john_quiz.json vs john_quiz_en.json",154,PAIR_VERSESTART_DRIFT,"vi=8 en=33"
WARN,"john_quiz.json vs john_quiz_en.json",154,PAIR_ANSWER_DRIFT,"vi=[0, 1, 2] en=[1]"
WARN,"john_quiz.json vs john_quiz_en.json",154,PAIR_TYPE_DRIFT,"vi=multiple_choice_multi en=multiple_choice_single"
WARN,"john_quiz.json vs john_quiz_en.json",155,PAIR_CHAPTER_DRIFT,"vi=16 en=17"
INFO,"john_quiz.json vs john_quiz_en.json",155,PAIR_VERSESTART_DRIFT,"vi=33 en=3"
WARN,"john_quiz.json vs john_quiz_en.json",155,PAIR_ANSWER_DRIFT,"vi=[1] en=[2]"
INFO,"john_quiz.json vs john_quiz_en.json",156,PAIR_VERSESTART_DRIFT,"vi=3 en=11"
WARN,"john_quiz.json vs john_quiz_en.json",156,PAIR_ANSWER_DRIFT,"vi=[2] en=[3]"
WARN,"john_quiz.json vs john_quiz_en.json",157,PAIR_CHAPTER_DRIFT,"vi=17 en=19"
INFO,"john_quiz.json vs john_quiz_en.json",157,PAIR_VERSESTART_DRIFT,"vi=11 en=5"
WARN,"john_quiz.json vs john_quiz_en.json",157,PAIR_ANSWER_DRIFT,"vi=[3] en=[0]"
WARN,"john_quiz.json vs john_quiz_en.json",158,PAIR_CHAPTER_DRIFT,"vi=19 en=21"
INFO,"john_quiz.json vs john_quiz_en.json",158,PAIR_VERSESTART_DRIFT,"vi=5 en=15"
WARN,"john_quiz.json vs john_quiz_en.json",158,PAIR_ANSWER_DRIFT,"vi=[0] en=[0, 1, 2]"
WARN,"john_quiz.json vs john_quiz_en.json",158,PAIR_TYPE_DRIFT,"vi=multiple_choice_single en=multiple_choice_multi"
INFO,"john_quiz.json vs john_quiz_en.json",-1,PAIR_LEN_DRIFT,"vi=160 en=159"
INFO,"jonah_quiz.json",5,CORRECT_MUCH_LONGER,"correct=37 avg_others=7"
INFO,"jonah_quiz.json",7,CORRECT_MUCH_LONGER,"correct=69 avg_others=9"
INFO,"jonah_quiz.json",8,CORRECT_MUCH_LONGER,"correct=159 avg_others=18"
INFO,"jonah_quiz.json",9,CORRECT_MUCH_LONGER,"correct=66 avg_others=9"
INFO,"jonah_quiz.json",10,CORRECT_MUCH_LONGER,"correct=33 avg_others=6"
INFO,"jonah_quiz.json",17,CORRECT_MUCH_LONGER,"correct=49 avg_others=16"
INFO,"jonah_quiz_en.json",0,CORRECT_MUCH_LONGER,"correct=33 avg_others=5"
INFO,"jonah_quiz_en.json",4,CORRECT_MUCH_LONGER,"correct=36 avg_others=8"
INFO,"jonah_quiz_en.json",5,CORRECT_MUCH_LONGER,"correct=34 avg_others=11"
INFO,"jonah_quiz_en.json",7,CORRECT_MUCH_LONGER,"correct=95 avg_others=23"
INFO,"jonah_quiz_en.json",8,CORRECT_MUCH_LONGER,"correct=114 avg_others=15"
INFO,"jonah_quiz_en.json",9,CORRECT_MUCH_LONGER,"correct=92 avg_others=8"
INFO,"jonah_quiz_en.json",10,CORRECT_MUCH_LONGER,"correct=41 avg_others=10"
INFO,"jonah_quiz_en.json",17,CORRECT_MUCH_LONGER,"correct=57 avg_others=18"
INFO,"jonah_quiz_en.json",18,CORRECT_MUCH_LONGER,"correct=31 avg_others=10"
INFO,"jonah_quiz_en.json",19,CORRECT_MUCH_LONGER,"correct=32 avg_others=10"
INFO,"joshua_quiz.json",6,CORRECT_MUCH_LONGER,"correct=44 avg_others=12"
INFO,"joshua_quiz.json",10,CORRECT_MUCH_LONGER,"correct=39 avg_others=12"
INFO,"joshua_quiz.json",11,CORRECT_MUCH_LONGER,"correct=54 avg_others=18"
INFO,"joshua_quiz_en.json",6,CORRECT_MUCH_LONGER,"correct=54 avg_others=17"
INFO,"joshua_quiz_en.json",10,CORRECT_MUCH_LONGER,"correct=46 avg_others=13"
INFO,"joshua_quiz_en.json",11,CORRECT_MUCH_LONGER,"correct=65 avg_others=16"
INFO,"jude_quiz.json",14,CORRECT_MUCH_LONGER,"correct=91 avg_others=31"
INFO,"jude_quiz.json",15,CORRECT_MUCH_LONGER,"correct=56 avg_others=22"
INFO,"jude_quiz_en.json",13,CORRECT_MUCH_LONGER,"correct=72 avg_others=28"
INFO,"jude_quiz_en.json",14,CORRECT_MUCH_LONGER,"correct=69 avg_others=24"
INFO,"jude_quiz_en.json",15,CORRECT_MUCH_LONGER,"correct=48 avg_others=19"
INFO,"judges_quiz.json",0,CORRECT_MUCH_LONGER,"correct=41 avg_others=9"
INFO,"judges_quiz.json",2,CORRECT_MUCH_LONGER,"correct=64 avg_others=20"
INFO,"judges_quiz.json",5,CORRECT_MUCH_LONGER,"correct=47 avg_others=7"
INFO,"judges_quiz.json",8,CORRECT_MUCH_LONGER,"correct=48 avg_others=17"
INFO,"judges_quiz.json",9,CORRECT_MUCH_LONGER,"correct=32 avg_others=7"
INFO,"judges_quiz.json",12,CORRECT_MUCH_LONGER,"correct=54 avg_others=14"
INFO,"judges_quiz.json",19,VERSE_RANGE_DRIFT,"metadata=22-30 cite=""Các Quan Xét 19:1"" → 1-1"
INFO,"judges_quiz_en.json",0,CORRECT_MUCH_LONGER,"correct=33 avg_others=11"
INFO,"judges_quiz_en.json",2,CORRECT_MUCH_LONGER,"correct=63 avg_others=16"
INFO,"judges_quiz_en.json",5,CORRECT_MUCH_LONGER,"correct=58 avg_others=8"
INFO,"judges_quiz_en.json",8,CORRECT_MUCH_LONGER,"correct=76 avg_others=18"
INFO,"judges_quiz_en.json",12,CORRECT_MUCH_LONGER,"correct=57 avg_others=16"
INFO,"judges_quiz_en.json",19,VERSE_RANGE_DRIFT,"metadata=22-30 cite=""Judges 19:1"" → 1-1"
INFO,"lamentations_quiz.json",0,CORRECT_MUCH_LONGER,"correct=57 avg_others=13"
INFO,"lamentations_quiz.json",1,CORRECT_MUCH_LONGER,"correct=49 avg_others=17"
INFO,"lamentations_quiz.json",2,CORRECT_MUCH_LONGER,"correct=46 avg_others=14"
INFO,"lamentations_quiz.json",3,CORRECT_MUCH_LONGER,"correct=56 avg_others=12"
INFO,"lamentations_quiz.json",4,CORRECT_MUCH_LONGER,"correct=45 avg_others=9"
INFO,"lamentations_quiz.json",5,CORRECT_MUCH_LONGER,"correct=39 avg_others=9"
INFO,"lamentations_quiz.json",6,CORRECT_MUCH_LONGER,"correct=35 avg_others=13"
INFO,"lamentations_quiz.json",7,CORRECT_MUCH_LONGER,"correct=71 avg_others=25"
INFO,"lamentations_quiz.json",8,CORRECT_MUCH_LONGER,"correct=47 avg_others=7"
INFO,"lamentations_quiz.json",12,CORRECT_MUCH_LONGER,"correct=36 avg_others=12"
INFO,"lamentations_quiz.json",18,CORRECT_MUCH_LONGER,"correct=32 avg_others=13"
INFO,"lamentations_quiz_en.json",0,CORRECT_MUCH_LONGER,"correct=45 avg_others=12"
INFO,"lamentations_quiz_en.json",1,CORRECT_MUCH_LONGER,"correct=45 avg_others=17"
INFO,"lamentations_quiz_en.json",2,CORRECT_MUCH_LONGER,"correct=66 avg_others=23"
INFO,"lamentations_quiz_en.json",3,CORRECT_MUCH_LONGER,"correct=48 avg_others=7"
INFO,"lamentations_quiz_en.json",4,CORRECT_MUCH_LONGER,"correct=49 avg_others=9"
INFO,"lamentations_quiz_en.json",5,CORRECT_MUCH_LONGER,"correct=42 avg_others=9"
INFO,"lamentations_quiz_en.json",6,CORRECT_MUCH_LONGER,"correct=40 avg_others=14"
INFO,"lamentations_quiz_en.json",7,CORRECT_MUCH_LONGER,"correct=72 avg_others=27"
INFO,"lamentations_quiz_en.json",8,CORRECT_MUCH_LONGER,"correct=36 avg_others=9"
INFO,"leviticus_quiz.json",15,CORRECT_MUCH_LONGER,"correct=42 avg_others=14"
INFO,"leviticus_quiz.json",20,CORRECT_MUCH_LONGER,"correct=49 avg_others=18"
INFO,"leviticus_quiz.json",50,CORRECT_MUCH_LONGER,"correct=83 avg_others=26"
INFO,"leviticus_quiz.json",54,CORRECT_MUCH_LONGER,"correct=65 avg_others=17"
INFO,"leviticus_quiz.json",66,CORRECT_MUCH_LONGER,"correct=69 avg_others=27"
INFO,"leviticus_quiz.json",71,CORRECT_MUCH_LONGER,"correct=49 avg_others=19"
INFO,"leviticus_quiz_en.json",10,CORRECT_MUCH_LONGER,"correct=33 avg_others=11"
INFO,"leviticus_quiz_en.json",15,CORRECT_MUCH_LONGER,"correct=52 avg_others=15"
INFO,"leviticus_quiz_en.json",36,CORRECT_MUCH_LONGER,"correct=34 avg_others=13"
INFO,"leviticus_quiz_en.json",54,CORRECT_MUCH_LONGER,"correct=76 avg_others=24"
INFO,"luke_quiz.json",6,CORRECT_MUCH_LONGER,"correct=57 avg_others=13"
INFO,"luke_quiz.json",10,CORRECT_MUCH_LONGER,"correct=46 avg_others=17"
INFO,"luke_quiz.json",13,CORRECT_MUCH_LONGER,"correct=56 avg_others=17"
INFO,"luke_quiz.json",16,CORRECT_MUCH_LONGER,"correct=64 avg_others=22"
INFO,"luke_quiz.json",17,CORRECT_MUCH_LONGER,"correct=32 avg_others=12"
INFO,"luke_quiz.json",20,CORRECT_MUCH_LONGER,"correct=40 avg_others=15"
INFO,"luke_quiz.json",22,CORRECT_MUCH_LONGER,"correct=35 avg_others=14"
INFO,"luke_quiz.json",27,CORRECT_MUCH_LONGER,"correct=72 avg_others=10"
INFO,"luke_quiz.json",30,CORRECT_MUCH_LONGER,"correct=42 avg_others=7"
INFO,"luke_quiz.json",31,CORRECT_MUCH_LONGER,"correct=34 avg_others=8"
INFO,"luke_quiz.json",35,CORRECT_MUCH_LONGER,"correct=63 avg_others=15"
INFO,"luke_quiz.json",36,CORRECT_MUCH_LONGER,"correct=70 avg_others=22"
INFO,"luke_quiz.json",40,CORRECT_MUCH_LONGER,"correct=59 avg_others=20"
INFO,"luke_quiz.json",42,CORRECT_MUCH_LONGER,"correct=31 avg_others=11"
INFO,"luke_quiz.json",46,CORRECT_MUCH_LONGER,"correct=102 avg_others=21"
INFO,"luke_quiz.json",48,CORRECT_MUCH_LONGER,"correct=75 avg_others=23"
INFO,"luke_quiz.json",49,CORRECT_MUCH_LONGER,"correct=72 avg_others=20"
INFO,"luke_quiz.json",55,CORRECT_MUCH_LONGER,"correct=68 avg_others=16"
INFO,"luke_quiz.json",56,CORRECT_MUCH_LONGER,"correct=65 avg_others=25"
INFO,"luke_quiz.json",58,CORRECT_MUCH_LONGER,"correct=44 avg_others=15"
INFO,"luke_quiz.json",69,CORRECT_MUCH_LONGER,"correct=43 avg_others=17"
INFO,"luke_quiz.json",77,CORRECT_MUCH_LONGER,"correct=63 avg_others=22"
INFO,"luke_quiz.json",86,CORRECT_MUCH_LONGER,"correct=35 avg_others=12"
INFO,"luke_quiz.json",93,CORRECT_MUCH_LONGER,"correct=58 avg_others=16"
INFO,"luke_quiz.json",95,CORRECT_MUCH_LONGER,"correct=44 avg_others=14"
INFO,"luke_quiz.json",97,CORRECT_MUCH_LONGER,"correct=60 avg_others=16"
INFO,"luke_quiz.json",122,CORRECT_MUCH_LONGER,"correct=125 avg_others=44"
INFO,"luke_quiz.json",127,CORRECT_MUCH_LONGER,"correct=98 avg_others=29"
INFO,"luke_quiz.json",130,CORRECT_MUCH_LONGER,"correct=157 avg_others=40"
INFO,"luke_quiz.json",143,CORRECT_MUCH_LONGER,"correct=255 avg_others=25"
INFO,"luke_quiz.json",147,CORRECT_MUCH_LONGER,"correct=185 avg_others=55"
INFO,"luke_quiz.json",149,CORRECT_MUCH_LONGER,"correct=203 avg_others=72"
INFO,"luke_quiz_en.json",6,CORRECT_MUCH_LONGER,"correct=59 avg_others=19"
INFO,"luke_quiz_en.json",12,CORRECT_MUCH_LONGER,"correct=47 avg_others=18"
INFO,"luke_quiz_en.json",13,CORRECT_MUCH_LONGER,"correct=50 avg_others=16"
INFO,"luke_quiz_en.json",16,CORRECT_MUCH_LONGER,"correct=59 avg_others=21"
INFO,"luke_quiz_en.json",17,CORRECT_MUCH_LONGER,"correct=43 avg_others=14"
INFO,"luke_quiz_en.json",27,CORRECT_MUCH_LONGER,"correct=68 avg_others=14"
INFO,"luke_quiz_en.json",29,CORRECT_MUCH_LONGER,"correct=34 avg_others=12"
INFO,"luke_quiz_en.json",30,CORRECT_MUCH_LONGER,"correct=81 avg_others=4"
INFO,"luke_quiz_en.json",31,CORRECT_MUCH_LONGER,"correct=33 avg_others=5"
INFO,"luke_quiz_en.json",35,CORRECT_MUCH_LONGER,"correct=68 avg_others=14"
INFO,"luke_quiz_en.json",36,CORRECT_MUCH_LONGER,"correct=66 avg_others=25"
INFO,"luke_quiz_en.json",43,CORRECT_MUCH_LONGER,"correct=46 avg_others=18"
INFO,"luke_quiz_en.json",46,CORRECT_MUCH_LONGER,"correct=104 avg_others=26"
INFO,"luke_quiz_en.json",48,CORRECT_MUCH_LONGER,"correct=79 avg_others=21"
INFO,"luke_quiz_en.json",55,CORRECT_MUCH_LONGER,"correct=76 avg_others=15"
INFO,"luke_quiz_en.json",58,CORRECT_MUCH_LONGER,"correct=45 avg_others=15"
INFO,"luke_quiz_en.json",64,CORRECT_MUCH_LONGER,"correct=48 avg_others=10"
INFO,"luke_quiz_en.json",67,CORRECT_MUCH_LONGER,"correct=35 avg_others=10"
INFO,"luke_quiz_en.json",69,CORRECT_MUCH_LONGER,"correct=44 avg_others=15"
INFO,"luke_quiz_en.json",74,CORRECT_MUCH_LONGER,"correct=80 avg_others=25"
INFO,"luke_quiz_en.json",77,CORRECT_MUCH_LONGER,"correct=79 avg_others=21"
INFO,"luke_quiz_en.json",82,CORRECT_MUCH_LONGER,"correct=56 avg_others=16"
INFO,"luke_quiz_en.json",86,CORRECT_MUCH_LONGER,"correct=47 avg_others=16"
INFO,"luke_quiz_en.json",90,CORRECT_MUCH_LONGER,"correct=47 avg_others=18"
INFO,"luke_quiz_en.json",95,CORRECT_MUCH_LONGER,"correct=42 avg_others=14"
INFO,"luke_quiz_en.json",97,CORRECT_MUCH_LONGER,"correct=80 avg_others=16"
INFO,"luke_quiz_en.json",99,CORRECT_MUCH_LONGER,"correct=39 avg_others=15"
WARN,"luke_quiz.json vs luke_quiz_en.json",61,PAIR_ANSWER_DRIFT,"vi=[2] en=[1]"
INFO,"malachi_quiz.json",1,CORRECT_MUCH_LONGER,"correct=46 avg_others=12"
INFO,"malachi_quiz.json",2,CORRECT_MUCH_LONGER,"correct=43 avg_others=16"
INFO,"malachi_quiz.json",3,CORRECT_MUCH_LONGER,"correct=35 avg_others=6"
INFO,"malachi_quiz.json",8,CORRECT_MUCH_LONGER,"correct=51 avg_others=8"
INFO,"malachi_quiz.json",10,CORRECT_MUCH_LONGER,"correct=37 avg_others=13"
INFO,"malachi_quiz.json",11,CORRECT_MUCH_LONGER,"correct=36 avg_others=12"
INFO,"malachi_quiz_en.json",1,VERSE_RANGE_DRIFT,"metadata=6-6 cite=""Malachi 1:8"" → 8-8"
INFO,"malachi_quiz_en.json",1,CORRECT_MUCH_LONGER,"correct=59 avg_others=15"
INFO,"malachi_quiz_en.json",2,CORRECT_MUCH_LONGER,"correct=57 avg_others=17"
INFO,"malachi_quiz_en.json",3,CORRECT_MUCH_LONGER,"correct=49 avg_others=6"
INFO,"malachi_quiz_en.json",7,CORRECT_MUCH_LONGER,"correct=37 avg_others=5"
INFO,"malachi_quiz_en.json",8,CORRECT_MUCH_LONGER,"correct=68 avg_others=5"
INFO,"malachi_quiz_en.json",10,CORRECT_MUCH_LONGER,"correct=50 avg_others=15"
INFO,"malachi_quiz_en.json",11,CORRECT_MUCH_LONGER,"correct=40 avg_others=6"
INFO,"malachi_quiz_en.json",12,CORRECT_MUCH_LONGER,"correct=55 avg_others=21"
INFO,"malachi_quiz_en.json",15,CORRECT_MUCH_LONGER,"correct=34 avg_others=6"
INFO,"mark_quiz.json",5,CORRECT_MUCH_LONGER,"correct=57 avg_others=21"
INFO,"mark_quiz.json",15,CORRECT_MUCH_LONGER,"correct=57 avg_others=16"
INFO,"mark_quiz.json",21,CORRECT_MUCH_LONGER,"correct=53 avg_others=19"
INFO,"mark_quiz.json",23,CORRECT_MUCH_LONGER,"correct=59 avg_others=14"
INFO,"mark_quiz.json",26,CORRECT_MUCH_LONGER,"correct=38 avg_others=8"
INFO,"mark_quiz.json",37,CORRECT_MUCH_LONGER,"correct=31 avg_others=11"
INFO,"mark_quiz.json",39,CORRECT_MUCH_LONGER,"correct=31 avg_others=12"
INFO,"mark_quiz.json",40,CORRECT_MUCH_LONGER,"correct=38 avg_others=12"
INFO,"mark_quiz.json",42,CORRECT_MUCH_LONGER,"correct=51 avg_others=14"
INFO,"mark_quiz.json",47,CORRECT_MUCH_LONGER,"correct=40 avg_others=15"
INFO,"mark_quiz.json",50,CORRECT_MUCH_LONGER,"correct=71 avg_others=24"
INFO,"mark_quiz.json",51,CORRECT_MUCH_LONGER,"correct=65 avg_others=22"
INFO,"mark_quiz.json",54,CORRECT_MUCH_LONGER,"correct=43 avg_others=12"
INFO,"mark_quiz.json",81,CORRECT_MUCH_LONGER,"correct=64 avg_others=20"
INFO,"mark_quiz.json",102,CORRECT_MUCH_LONGER,"correct=111 avg_others=42"
INFO,"mark_quiz_en.json",5,CORRECT_MUCH_LONGER,"correct=64 avg_others=24"
INFO,"mark_quiz_en.json",15,CORRECT_MUCH_LONGER,"correct=52 avg_others=16"
INFO,"mark_quiz_en.json",17,CORRECT_MUCH_LONGER,"correct=36 avg_others=13"
INFO,"mark_quiz_en.json",23,CORRECT_MUCH_LONGER,"correct=83 avg_others=12"
INFO,"mark_quiz_en.json",26,CORRECT_MUCH_LONGER,"correct=48 avg_others=7"
INFO,"mark_quiz_en.json",31,CORRECT_MUCH_LONGER,"correct=59 avg_others=5"
INFO,"mark_quiz_en.json",33,CORRECT_MUCH_LONGER,"correct=50 avg_others=18"
INFO,"mark_quiz_en.json",35,CORRECT_MUCH_LONGER,"correct=63 avg_others=23"
INFO,"mark_quiz_en.json",37,CORRECT_MUCH_LONGER,"correct=31 avg_others=10"
INFO,"mark_quiz_en.json",39,CORRECT_MUCH_LONGER,"correct=33 avg_others=7"
INFO,"mark_quiz_en.json",42,CORRECT_MUCH_LONGER,"correct=51 avg_others=11"
INFO,"mark_quiz_en.json",47,CORRECT_MUCH_LONGER,"correct=47 avg_others=16"
INFO,"mark_quiz_en.json",50,CORRECT_MUCH_LONGER,"correct=67 avg_others=20"
INFO,"mark_quiz_en.json",51,CORRECT_MUCH_LONGER,"correct=50 avg_others=19"
INFO,"mark_quiz_en.json",54,CORRECT_MUCH_LONGER,"correct=47 avg_others=14"
INFO,"mark_quiz_en.json",59,CORRECT_MUCH_LONGER,"correct=67 avg_others=19"
WARN,"mark_quiz_en.json",102,CHAPTER_MISMATCH,"metadata=8 cite=""Mark 6:30-44"" → 6"
INFO,"mark_quiz.json vs mark_quiz_en.json",81,PAIR_VERSESTART_DRIFT,"vi=21 en=17"
INFO,"matthew_quiz.json",23,CORRECT_MUCH_LONGER,"correct=62 avg_others=16"
INFO,"matthew_quiz.json",24,CORRECT_MUCH_LONGER,"correct=113 avg_others=19"
INFO,"matthew_quiz.json",25,CORRECT_MUCH_LONGER,"correct=43 avg_others=9"
INFO,"matthew_quiz.json",29,CORRECT_MUCH_LONGER,"correct=40 avg_others=15"
INFO,"matthew_quiz.json",40,CORRECT_MUCH_LONGER,"correct=72 avg_others=20"
INFO,"matthew_quiz.json",41,CORRECT_MUCH_LONGER,"correct=31 avg_others=11"
INFO,"matthew_quiz.json",50,CORRECT_MUCH_LONGER,"correct=68 avg_others=17"
INFO,"matthew_quiz.json",53,CORRECT_MUCH_LONGER,"correct=34 avg_others=12"
INFO,"matthew_quiz.json",62,CORRECT_MUCH_LONGER,"correct=74 avg_others=22"
INFO,"matthew_quiz.json",65,CORRECT_MUCH_LONGER,"correct=34 avg_others=13"
INFO,"matthew_quiz.json",77,CORRECT_MUCH_LONGER,"correct=57 avg_others=18"
INFO,"matthew_quiz.json",86,CORRECT_MUCH_LONGER,"correct=61 avg_others=22"
INFO,"matthew_quiz.json",90,CORRECT_MUCH_LONGER,"correct=75 avg_others=16"
INFO,"matthew_quiz.json",100,CORRECT_MUCH_LONGER,"correct=35 avg_others=8"
INFO,"matthew_quiz.json",102,CORRECT_MUCH_LONGER,"correct=51 avg_others=20"
WARN,"matthew_quiz.json",106,CHAPTER_MISMATCH,"metadata=27 cite=""Ma-thi-ơ 4:3"" → 4"
WARN,"matthew_quiz.json",107,CHAPTER_MISMATCH,"metadata=16 cite=""Ma-thi-ơ 24:30"" → 24"
WARN,"matthew_quiz.json",108,CHAPTER_MISMATCH,"metadata=28 cite=""Ma-thi-ơ 26:32"" → 26"
WARN,"matthew_quiz.json",112,CHAPTER_MISMATCH,"metadata=15 cite=""Ma-thi-ơ 14:20"" → 14"
WARN,"matthew_quiz.json",116,CHAPTER_MISMATCH,"metadata=2 cite=""Ma-thi-ơ 1:23"" → 1"
WARN,"matthew_quiz.json",117,CHAPTER_MISMATCH,"metadata=25 cite=""Ma-thi-ơ 7:21-23"" → 7"
INFO,"matthew_quiz.json",144,CORRECT_MUCH_LONGER,"correct=137 avg_others=53"
INFO,"matthew_quiz_en.json",19,CORRECT_MUCH_LONGER,"correct=40 avg_others=10"
INFO,"matthew_quiz_en.json",23,CORRECT_MUCH_LONGER,"correct=84 avg_others=19"
INFO,"matthew_quiz_en.json",24,CORRECT_MUCH_LONGER,"correct=85 avg_others=19"
INFO,"matthew_quiz_en.json",25,CORRECT_MUCH_LONGER,"correct=38 avg_others=7"
INFO,"matthew_quiz_en.json",26,CORRECT_MUCH_LONGER,"correct=54 avg_others=21"
INFO,"matthew_quiz_en.json",29,CORRECT_MUCH_LONGER,"correct=37 avg_others=13"
INFO,"matthew_quiz_en.json",30,CORRECT_MUCH_LONGER,"correct=49 avg_others=16"
INFO,"matthew_quiz_en.json",52,CORRECT_MUCH_LONGER,"correct=40 avg_others=14"
INFO,"matthew_quiz_en.json",53,CORRECT_MUCH_LONGER,"correct=33 avg_others=10"
INFO,"matthew_quiz_en.json",62,CORRECT_MUCH_LONGER,"correct=79 avg_others=27"
INFO,"matthew_quiz_en.json",63,CORRECT_MUCH_LONGER,"correct=43 avg_others=17"
INFO,"matthew_quiz_en.json",65,CORRECT_MUCH_LONGER,"correct=33 avg_others=10"
INFO,"matthew_quiz_en.json",72,CORRECT_MUCH_LONGER,"correct=44 avg_others=10"
INFO,"matthew_quiz_en.json",77,CORRECT_MUCH_LONGER,"correct=66 avg_others=16"
INFO,"matthew_quiz_en.json",90,CORRECT_MUCH_LONGER,"correct=67 avg_others=15"
INFO,"matthew_quiz_en.json",94,CORRECT_MUCH_LONGER,"correct=31 avg_others=10"
INFO,"matthew_quiz_en.json",100,CORRECT_MUCH_LONGER,"correct=37 avg_others=14"
WARN,"matthew_quiz_en.json",106,CHAPTER_MISMATCH,"metadata=27 cite=""Matt 4:3"" → 4"
WARN,"matthew_quiz_en.json",107,CHAPTER_MISMATCH,"metadata=16 cite=""Matt 24:30"" → 24"
WARN,"matthew_quiz_en.json",108,CHAPTER_MISMATCH,"metadata=28 cite=""Matthew 26:32"" → 26"
WARN,"matthew_quiz_en.json",112,CHAPTER_MISMATCH,"metadata=15 cite=""Matt 14:20"" → 14"
WARN,"matthew_quiz_en.json",116,CHAPTER_MISMATCH,"metadata=2 cite=""Matt 1:23"" → 1"
WARN,"matthew_quiz_en.json",117,CHAPTER_MISMATCH,"metadata=25 cite=""Matthew 7:21-23"" → 7"
INFO,"matthew_quiz.json vs matthew_quiz_en.json",10,PAIR_VERSESTART_DRIFT,"vi=13 en=14"
WARN,"matthew_quiz.json vs matthew_quiz_en.json",10,PAIR_ANSWER_DRIFT,"vi=[2] en=[3]"
WARN,"matthew_quiz.json vs matthew_quiz_en.json",10,PAIR_OPTIONS_LEN_DRIFT,"vi=3 en=4"
WARN,"matthew_quiz.json vs matthew_quiz_en.json",13,PAIR_ANSWER_DRIFT,"vi=[0] en=[2]"
WARN,"matthew_quiz.json vs matthew_quiz_en.json",14,PAIR_ANSWER_DRIFT,"vi=[0] en=[1]"
WARN,"matthew_quiz.json vs matthew_quiz_en.json",15,PAIR_ANSWER_DRIFT,"vi=[0] en=[3]"
WARN,"matthew_quiz.json vs matthew_quiz_en.json",18,PAIR_ANSWER_DRIFT,"vi=[0] en=[3]"
WARN,"matthew_quiz.json vs matthew_quiz_en.json",112,PAIR_ANSWER_DRIFT,"vi=[0] en=[1]"
INFO,"matthew_quiz.json vs matthew_quiz_en.json",130,PAIR_VERSESTART_DRIFT,"vi=21 en=17"
INFO,"micah_quiz.json",2,CORRECT_MUCH_LONGER,"correct=54 avg_others=9"
INFO,"micah_quiz.json",4,CORRECT_MUCH_LONGER,"correct=51 avg_others=15"
INFO,"micah_quiz.json",6,CORRECT_MUCH_LONGER,"correct=49 avg_others=7"
INFO,"micah_quiz.json",10,CORRECT_MUCH_LONGER,"correct=62 avg_others=15"
INFO,"micah_quiz.json",18,CORRECT_MUCH_LONGER,"correct=39 avg_others=13"
INFO,"micah_quiz_en.json",2,CORRECT_MUCH_LONGER,"correct=46 avg_others=8"
INFO,"micah_quiz_en.json",4,CORRECT_MUCH_LONGER,"correct=46 avg_others=15"
INFO,"micah_quiz_en.json",6,CORRECT_MUCH_LONGER,"correct=73 avg_others=8"
INFO,"micah_quiz_en.json",10,CORRECT_MUCH_LONGER,"correct=56 avg_others=16"
WARN,"nahum_quiz.json vs nahum_quiz_en.json",18,PAIR_OPTIONS_LEN_DRIFT,"vi=3 en=4"
WARN,"nahum_quiz.json vs nahum_quiz_en.json",19,PAIR_OPTIONS_LEN_DRIFT,"vi=3 en=4"
INFO,"nehemiah_quiz.json",1,CORRECT_MUCH_LONGER,"correct=39 avg_others=10"
INFO,"nehemiah_quiz.json",2,CORRECT_MUCH_LONGER,"correct=31 avg_others=7"
INFO,"nehemiah_quiz.json",5,CORRECT_MUCH_LONGER,"correct=43 avg_others=15"
INFO,"nehemiah_quiz.json",9,CORRECT_MUCH_LONGER,"correct=38 avg_others=13"
INFO,"nehemiah_quiz.json",10,CORRECT_MUCH_LONGER,"correct=31 avg_others=7"
INFO,"nehemiah_quiz.json",11,CORRECT_MUCH_LONGER,"correct=40 avg_others=12"
INFO,"nehemiah_quiz.json",12,CORRECT_MUCH_LONGER,"correct=41 avg_others=12"
INFO,"nehemiah_quiz.json",13,CORRECT_MUCH_LONGER,"correct=34 avg_others=9"
INFO,"nehemiah_quiz_en.json",1,CORRECT_MUCH_LONGER,"correct=38 avg_others=12"
INFO,"nehemiah_quiz_en.json",2,CORRECT_MUCH_LONGER,"correct=42 avg_others=7"
INFO,"nehemiah_quiz_en.json",9,CORRECT_MUCH_LONGER,"correct=40 avg_others=13"
INFO,"nehemiah_quiz_en.json",10,CORRECT_MUCH_LONGER,"correct=38 avg_others=7"
INFO,"nehemiah_quiz_en.json",11,CORRECT_MUCH_LONGER,"correct=45 avg_others=14"
INFO,"nehemiah_quiz_en.json",12,CORRECT_MUCH_LONGER,"correct=67 avg_others=14"
INFO,"nehemiah_quiz_en.json",16,CORRECT_MUCH_LONGER,"correct=63 avg_others=22"
INFO,"numbers_quiz.json",6,CORRECT_MUCH_LONGER,"correct=32 avg_others=11"
INFO,"numbers_quiz.json",15,CORRECT_MUCH_LONGER,"correct=32 avg_others=8"
INFO,"numbers_quiz.json",20,CORRECT_MUCH_LONGER,"correct=89 avg_others=33"
INFO,"numbers_quiz.json",34,CORRECT_MUCH_LONGER,"correct=47 avg_others=14"
INFO,"numbers_quiz.json",47,CORRECT_MUCH_LONGER,"correct=50 avg_others=16"
INFO,"numbers_quiz.json",54,CORRECT_MUCH_LONGER,"correct=49 avg_others=18"
INFO,"numbers_quiz.json",63,CORRECT_MUCH_LONGER,"correct=64 avg_others=23"
INFO,"numbers_quiz.json",71,CORRECT_MUCH_LONGER,"correct=53 avg_others=10"
INFO,"numbers_quiz_en.json",20,CORRECT_MUCH_LONGER,"correct=100 avg_others=34"
INFO,"numbers_quiz_en.json",23,CORRECT_MUCH_LONGER,"correct=67 avg_others=23"
INFO,"numbers_quiz_en.json",28,CORRECT_MUCH_LONGER,"correct=33 avg_others=8"
INFO,"numbers_quiz_en.json",29,CORRECT_MUCH_LONGER,"correct=43 avg_others=17"
INFO,"numbers_quiz_en.json",32,CORRECT_MUCH_LONGER,"correct=42 avg_others=15"
INFO,"numbers_quiz_en.json",34,CORRECT_MUCH_LONGER,"correct=50 avg_others=18"
INFO,"numbers_quiz_en.json",37,CORRECT_MUCH_LONGER,"correct=50 avg_others=15"
INFO,"numbers_quiz_en.json",51,CORRECT_MUCH_LONGER,"correct=62 avg_others=20"
INFO,"numbers_quiz_en.json",53,CORRECT_MUCH_LONGER,"correct=79 avg_others=27"
INFO,"numbers_quiz_en.json",54,CORRECT_MUCH_LONGER,"correct=41 avg_others=15"
INFO,"numbers_quiz_en.json",62,CORRECT_MUCH_LONGER,"correct=31 avg_others=6"
INFO,"numbers_quiz_en.json",63,CORRECT_MUCH_LONGER,"correct=56 avg_others=21"
INFO,"numbers_quiz_en.json",65,CORRECT_MUCH_LONGER,"correct=62 avg_others=14"
INFO,"numbers_quiz_en.json",71,CORRECT_MUCH_LONGER,"correct=41 avg_others=9"
INFO,"numbers_quiz.json vs numbers_quiz_en.json",71,PAIR_VERSESTART_DRIFT,"vi=1 en=84"
INFO,"obadiah_quiz.json",14,CORRECT_MUCH_LONGER,"correct=40 avg_others=11"
INFO,"obadiah_quiz.json",15,CORRECT_MUCH_LONGER,"correct=57 avg_others=17"
INFO,"obadiah_quiz_en.json",14,CORRECT_MUCH_LONGER,"correct=41 avg_others=15"
INFO,"obadiah_quiz_en.json",15,CORRECT_MUCH_LONGER,"correct=81 avg_others=15"
WARN,"philemon_quiz.json vs philemon_quiz_en.json",15,PAIR_ANSWER_DRIFT,"vi=[0, 2, 3, 4, 5] en=[0, 2, 3]"
WARN,"philemon_quiz.json vs philemon_quiz_en.json",15,PAIR_OPTIONS_LEN_DRIFT,"vi=6 en=4"
INFO,"philippians_quiz.json",4,CORRECT_MUCH_LONGER,"correct=51 avg_others=9"
INFO,"philippians_quiz.json",5,CORRECT_MUCH_LONGER,"correct=47 avg_others=7"
INFO,"philippians_quiz.json",9,CORRECT_MUCH_LONGER,"correct=61 avg_others=13"
INFO,"philippians_quiz.json",10,CORRECT_MUCH_LONGER,"correct=55 avg_others=13"
INFO,"philippians_quiz.json",19,CORRECT_MUCH_LONGER,"correct=73 avg_others=19"
INFO,"philippians_quiz.json",22,CORRECT_MUCH_LONGER,"correct=94 avg_others=16"
INFO,"philippians_quiz.json",23,CORRECT_MUCH_LONGER,"correct=85 avg_others=20"
INFO,"philippians_quiz.json",24,CORRECT_MUCH_LONGER,"correct=80 avg_others=22"
INFO,"philippians_quiz.json",26,CORRECT_MUCH_LONGER,"correct=100 avg_others=40"
INFO,"philippians_quiz.json",29,CORRECT_MUCH_LONGER,"correct=79 avg_others=28"
INFO,"philippians_quiz_en.json",4,CORRECT_MUCH_LONGER,"correct=80 avg_others=10"
INFO,"philippians_quiz_en.json",5,CORRECT_MUCH_LONGER,"correct=54 avg_others=9"
INFO,"philippians_quiz_en.json",7,CORRECT_MUCH_LONGER,"correct=51 avg_others=14"
INFO,"philippians_quiz_en.json",9,CORRECT_MUCH_LONGER,"correct=64 avg_others=14"
INFO,"philippians_quiz_en.json",10,CORRECT_MUCH_LONGER,"correct=57 avg_others=17"
INFO,"philippians_quiz_en.json",19,CORRECT_MUCH_LONGER,"correct=60 avg_others=19"
INFO,"proverbs_quiz.json",4,CORRECT_MUCH_LONGER,"correct=73 avg_others=22"
INFO,"proverbs_quiz.json",20,CORRECT_MUCH_LONGER,"correct=73 avg_others=29"
INFO,"proverbs_quiz.json",24,CORRECT_MUCH_LONGER,"correct=61 avg_others=24"
INFO,"proverbs_quiz.json",61,CORRECT_MUCH_LONGER,"correct=57 avg_others=12"
INFO,"proverbs_quiz.json",65,CORRECT_MUCH_LONGER,"correct=68 avg_others=25"
INFO,"proverbs_quiz.json",71,CORRECT_MUCH_LONGER,"correct=115 avg_others=29"
INFO,"proverbs_quiz.json",74,CORRECT_MUCH_LONGER,"correct=166 avg_others=49"
INFO,"proverbs_quiz.json",78,CORRECT_MUCH_LONGER,"correct=125 avg_others=22"
INFO,"proverbs_quiz_en.json",4,CORRECT_MUCH_LONGER,"correct=88 avg_others=23"
WARN,"proverbs_quiz.json vs proverbs_quiz_en.json",5,PAIR_ANSWER_DRIFT,"vi=[0] en=[1]"
INFO,"psalms_quiz.json",3,CORRECT_MUCH_LONGER,"correct=53 avg_others=15"
INFO,"psalms_quiz.json",9,CORRECT_MUCH_LONGER,"correct=43 avg_others=16"
INFO,"psalms_quiz.json",11,CORRECT_MUCH_LONGER,"correct=39 avg_others=12"
INFO,"psalms_quiz.json",12,CORRECT_MUCH_LONGER,"correct=33 avg_others=9"
INFO,"psalms_quiz.json",14,CORRECT_MUCH_LONGER,"correct=34 avg_others=11"
INFO,"psalms_quiz.json",18,CORRECT_MUCH_LONGER,"correct=42 avg_others=12"
INFO,"psalms_quiz.json",19,CORRECT_MUCH_LONGER,"correct=43 avg_others=13"
INFO,"psalms_quiz.json",37,CORRECT_MUCH_LONGER,"correct=39 avg_others=12"
INFO,"psalms_quiz.json",38,CORRECT_MUCH_LONGER,"correct=46 avg_others=15"
INFO,"psalms_quiz.json",39,CORRECT_MUCH_LONGER,"correct=50 avg_others=12"
INFO,"psalms_quiz.json",40,CORRECT_MUCH_LONGER,"correct=51 avg_others=15"
INFO,"psalms_quiz.json",45,CORRECT_MUCH_LONGER,"correct=34 avg_others=8"
INFO,"psalms_quiz.json",49,CORRECT_MUCH_LONGER,"correct=75 avg_others=18"
INFO,"psalms_quiz.json",61,CORRECT_MUCH_LONGER,"correct=43 avg_others=15"
INFO,"psalms_quiz.json",64,CORRECT_MUCH_LONGER,"correct=31 avg_others=12"
INFO,"psalms_quiz.json",67,CORRECT_MUCH_LONGER,"correct=68 avg_others=20"
INFO,"psalms_quiz.json",70,CORRECT_MUCH_LONGER,"correct=65 avg_others=16"
INFO,"psalms_quiz.json",72,CORRECT_MUCH_LONGER,"correct=42 avg_others=16"
INFO,"psalms_quiz.json",74,CORRECT_MUCH_LONGER,"correct=44 avg_others=14"
INFO,"psalms_quiz.json",78,CORRECT_MUCH_LONGER,"correct=62 avg_others=15"
INFO,"psalms_quiz.json",82,CORRECT_MUCH_LONGER,"correct=58 avg_others=18"
INFO,"psalms_quiz.json",85,CORRECT_MUCH_LONGER,"correct=47 avg_others=14"
INFO,"psalms_quiz.json",96,CORRECT_MUCH_LONGER,"correct=46 avg_others=14"
INFO,"psalms_quiz.json",101,CORRECT_MUCH_LONGER,"correct=92 avg_others=12"
INFO,"psalms_quiz.json",102,CORRECT_MUCH_LONGER,"correct=36 avg_others=12"
INFO,"psalms_quiz.json",103,CORRECT_MUCH_LONGER,"correct=67 avg_others=15"
INFO,"psalms_quiz.json",104,CORRECT_MUCH_LONGER,"correct=64 avg_others=21"
INFO,"psalms_quiz.json",107,VERSE_RANGE_DRIFT,"metadata=17-19 cite=""Thi 73:2-12"" → 2-12"
WARN,"psalms_quiz.json",116,CHAPTER_MISMATCH,"metadata=80 cite=""Thi 23:1"" → 23"
INFO,"psalms_quiz_en.json",3,CORRECT_MUCH_LONGER,"correct=31 avg_others=7"
INFO,"psalms_quiz_en.json",8,CORRECT_MUCH_LONGER,"correct=63 avg_others=17"
INFO,"psalms_quiz_en.json",10,CORRECT_MUCH_LONGER,"correct=42 avg_others=14"
INFO,"psalms_quiz_en.json",17,CORRECT_MUCH_LONGER,"correct=42 avg_others=11"
INFO,"psalms_quiz_en.json",33,CORRECT_MUCH_LONGER,"correct=35 avg_others=11"
INFO,"psalms_quiz_en.json",37,CORRECT_MUCH_LONGER,"correct=44 avg_others=16"
INFO,"psalms_quiz_en.json",38,CORRECT_MUCH_LONGER,"correct=50 avg_others=19"
INFO,"psalms_quiz_en.json",43,CORRECT_MUCH_LONGER,"correct=44 avg_others=16"
INFO,"psalms_quiz_en.json",44,CORRECT_MUCH_LONGER,"correct=44 avg_others=10"
INFO,"psalms_quiz_en.json",45,CORRECT_MUCH_LONGER,"correct=35 avg_others=13"
INFO,"psalms_quiz_en.json",48,CORRECT_MUCH_LONGER,"correct=49 avg_others=13"
INFO,"psalms_quiz_en.json",68,CORRECT_MUCH_LONGER,"correct=39 avg_others=11"
INFO,"psalms_quiz_en.json",69,CORRECT_MUCH_LONGER,"correct=80 avg_others=15"
INFO,"psalms_quiz_en.json",73,CORRECT_MUCH_LONGER,"correct=38 avg_others=10"
INFO,"psalms_quiz_en.json",74,CORRECT_MUCH_LONGER,"correct=59 avg_others=18"
INFO,"psalms_quiz_en.json",77,CORRECT_MUCH_LONGER,"correct=63 avg_others=15"
INFO,"psalms_quiz_en.json",81,CORRECT_MUCH_LONGER,"correct=49 avg_others=19"
INFO,"psalms_quiz_en.json",84,CORRECT_MUCH_LONGER,"correct=47 avg_others=15"
INFO,"psalms_quiz_en.json",88,CORRECT_MUCH_LONGER,"correct=62 avg_others=18"
INFO,"psalms_quiz_en.json",91,CORRECT_MUCH_LONGER,"correct=59 avg_others=21"
INFO,"psalms_quiz_en.json",95,CORRECT_MUCH_LONGER,"correct=43 avg_others=12"
INFO,"psalms_quiz_en.json",97,CORRECT_MUCH_LONGER,"correct=71 avg_others=26"
INFO,"psalms_quiz_en.json",98,CORRECT_MUCH_LONGER,"correct=33 avg_others=10"
INFO,"psalms_quiz_en.json",100,CORRECT_MUCH_LONGER,"correct=31 avg_others=11"
INFO,"psalms_quiz_en.json",101,CORRECT_MUCH_LONGER,"correct=41 avg_others=10"
INFO,"psalms_quiz_en.json",102,CORRECT_MUCH_LONGER,"correct=62 avg_others=16"
WARN,"psalms_quiz.json vs psalms_quiz_en.json",1,PAIR_ANSWER_DRIFT,"vi=[3] en=[0]"
WARN,"psalms_quiz.json vs psalms_quiz_en.json",8,PAIR_CHAPTER_DRIFT,"vi=23 en=1"
WARN,"psalms_quiz.json vs psalms_quiz_en.json",9,PAIR_CHAPTER_DRIFT,"vi=1 en=46"
INFO,"psalms_quiz.json vs psalms_quiz_en.json",9,PAIR_VERSESTART_DRIFT,"vi=1 en=10"
WARN,"psalms_quiz.json vs psalms_quiz_en.json",9,PAIR_ANSWER_DRIFT,"vi=[2] en=[3]"
WARN,"psalms_quiz.json vs psalms_quiz_en.json",10,PAIR_CHAPTER_DRIFT,"vi=46 en=119"
INFO,"psalms_quiz.json vs psalms_quiz_en.json",10,PAIR_VERSESTART_DRIFT,"vi=10 en=105"
WARN,"psalms_quiz.json vs psalms_quiz_en.json",11,PAIR_CHAPTER_DRIFT,"vi=119 en=139"
INFO,"psalms_quiz.json vs psalms_quiz_en.json",11,PAIR_VERSESTART_DRIFT,"vi=105 en=13"
WARN,"psalms_quiz.json vs psalms_quiz_en.json",12,PAIR_CHAPTER_DRIFT,"vi=139 en=22"
INFO,"psalms_quiz.json vs psalms_quiz_en.json",12,PAIR_VERSESTART_DRIFT,"vi=14 en=1"
WARN,"psalms_quiz.json vs psalms_quiz_en.json",12,PAIR_ANSWER_DRIFT,"vi=[3] en=[2]"
WARN,"psalms_quiz.json vs psalms_quiz_en.json",13,PAIR_CHAPTER_DRIFT,"vi=22 en=103"
INFO,"psalms_quiz.json vs psalms_quiz_en.json",13,PAIR_VERSESTART_DRIFT,"vi=1 en=12"
WARN,"psalms_quiz.json vs psalms_quiz_en.json",13,PAIR_ANSWER_DRIFT,"vi=[2] en=[0]"
WARN,"psalms_quiz.json vs psalms_quiz_en.json",14,PAIR_CHAPTER_DRIFT,"vi=103 en=19"
INFO,"psalms_quiz.json vs psalms_quiz_en.json",14,PAIR_VERSESTART_DRIFT,"vi=12 en=1"
WARN,"psalms_quiz.json vs psalms_quiz_en.json",14,PAIR_ANSWER_DRIFT,"vi=[0] en=[3]"
WARN,"psalms_quiz.json vs psalms_quiz_en.json",15,PAIR_CHAPTER_DRIFT,"vi=19 en=34"
INFO,"psalms_quiz.json vs psalms_quiz_en.json",15,PAIR_VERSESTART_DRIFT,"vi=1 en=8"
WARN,"psalms_quiz.json vs psalms_quiz_en.json",15,PAIR_ANSWER_DRIFT,"vi=[3] en=[0]"
WARN,"psalms_quiz.json vs psalms_quiz_en.json",16,PAIR_CHAPTER_DRIFT,"vi=34 en=37"
INFO,"psalms_quiz.json vs psalms_quiz_en.json",16,PAIR_VERSESTART_DRIFT,"vi=8 en=4"
WARN,"psalms_quiz.json vs psalms_quiz_en.json",16,PAIR_ANSWER_DRIFT,"vi=[0] en=[2]"
WARN,"psalms_quiz.json vs psalms_quiz_en.json",17,PAIR_CHAPTER_DRIFT,"vi=37 en=91"
INFO,"psalms_quiz.json vs psalms_quiz_en.json",17,PAIR_VERSESTART_DRIFT,"vi=4 en=1"
WARN,"psalms_quiz.json vs psalms_quiz_en.json",17,PAIR_ANSWER_DRIFT,"vi=[2] en=[3]"
WARN,"psalms_quiz.json vs psalms_quiz_en.json",18,PAIR_CHAPTER_DRIFT,"vi=91 en=121"
WARN,"psalms_quiz.json vs psalms_quiz_en.json",18,PAIR_ANSWER_DRIFT,"vi=[3] en=[2]"
WARN,"psalms_quiz.json vs psalms_quiz_en.json",19,PAIR_CHAPTER_DRIFT,"vi=121 en=2"
INFO,"psalms_quiz.json vs psalms_quiz_en.json",19,PAIR_VERSESTART_DRIFT,"vi=1 en=7"
WARN,"psalms_quiz.json vs psalms_quiz_en.json",20,PAIR_CHAPTER_DRIFT,"vi=2 en=8"
INFO,"psalms_quiz.json vs psalms_quiz_en.json",20,PAIR_VERSESTART_DRIFT,"vi=7 en=4"
WARN,"psalms_quiz.json vs psalms_quiz_en.json",20,PAIR_ANSWER_DRIFT,"vi=[2] en=[1]"
WARN,"psalms_quiz.json vs psalms_quiz_en.json",21,PAIR_CHAPTER_DRIFT,"vi=8 en=14"
INFO,"psalms_quiz.json vs psalms_quiz_en.json",21,PAIR_VERSESTART_DRIFT,"vi=4 en=1"
WARN,"psalms_quiz.json vs psalms_quiz_en.json",21,PAIR_ANSWER_DRIFT,"vi=[1] en=[3]"
WARN,"psalms_quiz.json vs psalms_quiz_en.json",22,PAIR_CHAPTER_DRIFT,"vi=14 en=16"
INFO,"psalms_quiz.json vs psalms_quiz_en.json",22,PAIR_VERSESTART_DRIFT,"vi=1 en=11"
WARN,"psalms_quiz.json vs psalms_quiz_en.json",22,PAIR_ANSWER_DRIFT,"vi=[3] en=[0]"
WARN,"psalms_quiz.json vs psalms_quiz_en.json",23,PAIR_CHAPTER_DRIFT,"vi=16 en=18"
INFO,"psalms_quiz.json vs psalms_quiz_en.json",23,PAIR_VERSESTART_DRIFT,"vi=11 en=2"
WARN,"psalms_quiz.json vs psalms_quiz_en.json",23,PAIR_ANSWER_DRIFT,"vi=[0] en=[1]"
WARN,"psalms_quiz.json vs psalms_quiz_en.json",24,PAIR_CHAPTER_DRIFT,"vi=18 en=19"
INFO,"psalms_quiz.json vs psalms_quiz_en.json",24,PAIR_VERSESTART_DRIFT,"vi=2 en=1"
WARN,"psalms_quiz.json vs psalms_quiz_en.json",24,PAIR_ANSWER_DRIFT,"vi=[1] en=[2]"
WARN,"psalms_quiz.json vs psalms_quiz_en.json",25,PAIR_CHAPTER_DRIFT,"vi=19 en=23"
WARN,"psalms_quiz.json vs psalms_quiz_en.json",25,PAIR_ANSWER_DRIFT,"vi=[2] en=[0]"
WARN,"psalms_quiz.json vs psalms_quiz_en.json",26,PAIR_CHAPTER_DRIFT,"vi=23 en=24"
INFO,"psalms_quiz.json vs psalms_quiz_en.json",26,PAIR_VERSESTART_DRIFT,"vi=1 en=7"
WARN,"psalms_quiz.json vs psalms_quiz_en.json",26,PAIR_ANSWER_DRIFT,"vi=[0] en=[1]"
WARN,"psalms_quiz.json vs psalms_quiz_en.json",27,PAIR_CHAPTER_DRIFT,"vi=24 en=27"
INFO,"psalms_quiz.json vs psalms_quiz_en.json",27,PAIR_VERSESTART_DRIFT,"vi=7 en=1"
WARN,"psalms_quiz.json vs psalms_quiz_en.json",27,PAIR_ANSWER_DRIFT,"vi=[1] en=[2]"
WARN,"psalms_quiz.json vs psalms_quiz_en.json",28,PAIR_CHAPTER_DRIFT,"vi=27 en=30"
INFO,"psalms_quiz.json vs psalms_quiz_en.json",28,PAIR_VERSESTART_DRIFT,"vi=1 en=5"
WARN,"psalms_quiz.json vs psalms_quiz_en.json",28,PAIR_ANSWER_DRIFT,"vi=[2] en=[0]"
WARN,"psalms_quiz.json vs psalms_quiz_en.json",29,PAIR_CHAPTER_DRIFT,"vi=30 en=32"
INFO,"psalms_quiz.json vs psalms_quiz_en.json",29,PAIR_VERSESTART_DRIFT,"vi=5 en=1"
WARN,"psalms_quiz.json vs psalms_quiz_en.json",29,PAIR_ANSWER_DRIFT,"vi=[0] en=[1]"
WARN,"psalms_quiz.json vs psalms_quiz_en.json",30,PAIR_CHAPTER_DRIFT,"vi=32 en=34"
INFO,"psalms_quiz.json vs psalms_quiz_en.json",30,PAIR_VERSESTART_DRIFT,"vi=1 en=8"
WARN,"psalms_quiz.json vs psalms_quiz_en.json",30,PAIR_ANSWER_DRIFT,"vi=[1] en=[3]"
WARN,"psalms_quiz.json vs psalms_quiz_en.json",31,PAIR_CHAPTER_DRIFT,"vi=34 en=37"
INFO,"psalms_quiz.json vs psalms_quiz_en.json",31,PAIR_VERSESTART_DRIFT,"vi=8 en=4"
WARN,"psalms_quiz.json vs psalms_quiz_en.json",31,PAIR_ANSWER_DRIFT,"vi=[3] en=[2]"
WARN,"psalms_quiz.json vs psalms_quiz_en.json",32,PAIR_CHAPTER_DRIFT,"vi=37 en=40"
INFO,"psalms_quiz.json vs psalms_quiz_en.json",32,PAIR_VERSESTART_DRIFT,"vi=4 en=1"
WARN,"psalms_quiz.json vs psalms_quiz_en.json",32,PAIR_ANSWER_DRIFT,"vi=[2] en=[0]"
WARN,"psalms_quiz.json vs psalms_quiz_en.json",33,PAIR_CHAPTER_DRIFT,"vi=40 en=42"
WARN,"psalms_quiz.json vs psalms_quiz_en.json",33,PAIR_ANSWER_DRIFT,"vi=[0] en=[1]"
WARN,"psalms_quiz.json vs psalms_quiz_en.json",34,PAIR_CHAPTER_DRIFT,"vi=42 en=46"
WARN,"psalms_quiz.json vs psalms_quiz_en.json",34,PAIR_ANSWER_DRIFT,"vi=[1] en=[2]"
INFO,"psalms_quiz.json vs psalms_quiz_en.json",35,PAIR_VERSESTART_DRIFT,"vi=1 en=10"
WARN,"psalms_quiz.json vs psalms_quiz_en.json",35,PAIR_ANSWER_DRIFT,"vi=[2] en=[0]"
WARN,"psalms_quiz.json vs psalms_quiz_en.json",36,PAIR_CHAPTER_DRIFT,"vi=46 en=51"
WARN,"psalms_quiz.json vs psalms_quiz_en.json",36,PAIR_ANSWER_DRIFT,"vi=[0] en=[1]"
INFO,"psalms_quiz.json vs psalms_quiz_en.json",37,PAIR_VERSESTART_DRIFT,"vi=10 en=17"
WARN,"psalms_quiz.json vs psalms_quiz_en.json",37,PAIR_ANSWER_DRIFT,"vi=[1] en=[2]"
WARN,"psalms_quiz.json vs psalms_quiz_en.json",38,PAIR_CHAPTER_DRIFT,"vi=51 en=55"
INFO,"psalms_quiz.json vs psalms_quiz_en.json",38,PAIR_VERSESTART_DRIFT,"vi=17 en=22"
WARN,"psalms_quiz.json vs psalms_quiz_en.json",38,PAIR_ANSWER_DRIFT,"vi=[2] en=[1]"
WARN,"psalms_quiz.json vs psalms_quiz_en.json",39,PAIR_CHAPTER_DRIFT,"vi=55 en=62"
INFO,"psalms_quiz.json vs psalms_quiz_en.json",39,PAIR_VERSESTART_DRIFT,"vi=22 en=5"
WARN,"psalms_quiz.json vs psalms_quiz_en.json",39,PAIR_ANSWER_DRIFT,"vi=[1] en=[0]"
WARN,"psalms_quiz.json vs psalms_quiz_en.json",40,PAIR_CHAPTER_DRIFT,"vi=62 en=63"
INFO,"psalms_quiz.json vs psalms_quiz_en.json",40,PAIR_VERSESTART_DRIFT,"vi=5 en=1"
WARN,"psalms_quiz.json vs psalms_quiz_en.json",40,PAIR_ANSWER_DRIFT,"vi=[0] en=[2]"
WARN,"psalms_quiz.json vs psalms_quiz_en.json",41,PAIR_CHAPTER_DRIFT,"vi=63 en=73"
INFO,"psalms_quiz.json vs psalms_quiz_en.json",41,PAIR_VERSESTART_DRIFT,"vi=1 en=25"
WARN,"psalms_quiz.json vs psalms_quiz_en.json",41,PAIR_ANSWER_DRIFT,"vi=[2] en=[3]"
WARN,"psalms_quiz.json vs psalms_quiz_en.json",42,PAIR_CHAPTER_DRIFT,"vi=73 en=84"
INFO,"psalms_quiz.json vs psalms_quiz_en.json",42,PAIR_VERSESTART_DRIFT,"vi=25 en=10"
WARN,"psalms_quiz.json vs psalms_quiz_en.json",42,PAIR_ANSWER_DRIFT,"vi=[3] en=[1]"
WARN,"psalms_quiz.json vs psalms_quiz_en.json",43,PAIR_CHAPTER_DRIFT,"vi=84 en=86"
INFO,"psalms_quiz.json vs psalms_quiz_en.json",43,PAIR_VERSESTART_DRIFT,"vi=10 en=5"
WARN,"psalms_quiz.json vs psalms_quiz_en.json",43,PAIR_ANSWER_DRIFT,"vi=[1] en=[0]"
WARN,"psalms_quiz.json vs psalms_quiz_en.json",44,PAIR_CHAPTER_DRIFT,"vi=86 en=90"
INFO,"psalms_quiz.json vs psalms_quiz_en.json",44,PAIR_VERSESTART_DRIFT,"vi=5 en=12"
WARN,"psalms_quiz.json vs psalms_quiz_en.json",44,PAIR_ANSWER_DRIFT,"vi=[0] en=[2]"
WARN,"psalms_quiz.json vs psalms_quiz_en.json",45,PAIR_CHAPTER_DRIFT,"vi=90 en=91"
INFO,"psalms_quiz.json vs psalms_quiz_en.json",45,PAIR_VERSESTART_DRIFT,"vi=12 en=1"
WARN,"psalms_quiz.json vs psalms_quiz_en.json",45,PAIR_ANSWER_DRIFT,"vi=[2] en=[1]"
WARN,"psalms_quiz.json vs psalms_quiz_en.json",46,PAIR_CHAPTER_DRIFT,"vi=91 en=95"
INFO,"psalms_quiz.json vs psalms_quiz_en.json",46,PAIR_VERSESTART_DRIFT,"vi=1 en=6"
WARN,"psalms_quiz.json vs psalms_quiz_en.json",46,PAIR_ANSWER_DRIFT,"vi=[1] en=[2]"
WARN,"psalms_quiz.json vs psalms_quiz_en.json",47,PAIR_CHAPTER_DRIFT,"vi=95 en=96"
INFO,"psalms_quiz.json vs psalms_quiz_en.json",47,PAIR_VERSESTART_DRIFT,"vi=6 en=1"
WARN,"psalms_quiz.json vs psalms_quiz_en.json",47,PAIR_ANSWER_DRIFT,"vi=[2] en=[0]"
WARN,"psalms_quiz.json vs psalms_quiz_en.json",48,PAIR_CHAPTER_DRIFT,"vi=96 en=100"
INFO,"psalms_quiz.json vs psalms_quiz_en.json",48,PAIR_VERSESTART_DRIFT,"vi=1 en=3"
WARN,"psalms_quiz.json vs psalms_quiz_en.json",48,PAIR_ANSWER_DRIFT,"vi=[0] en=[1]"
WARN,"psalms_quiz.json vs psalms_quiz_en.json",49,PAIR_CHAPTER_DRIFT,"vi=100 en=103"
INFO,"psalms_quiz.json vs psalms_quiz_en.json",49,PAIR_VERSESTART_DRIFT,"vi=3 en=12"
WARN,"psalms_quiz.json vs psalms_quiz_en.json",49,PAIR_ANSWER_DRIFT,"vi=[1] en=[3]"
INFO,"psalms_quiz.json vs psalms_quiz_en.json",50,PAIR_VERSESTART_DRIFT,"vi=12 en=13"
WARN,"psalms_quiz.json vs psalms_quiz_en.json",50,PAIR_ANSWER_DRIFT,"vi=[3] en=[0]"
WARN,"psalms_quiz.json vs psalms_quiz_en.json",51,PAIR_CHAPTER_DRIFT,"vi=103 en=110"
INFO,"psalms_quiz.json vs psalms_quiz_en.json",51,PAIR_VERSESTART_DRIFT,"vi=13 en=1"
WARN,"psalms_quiz.json vs psalms_quiz_en.json",51,PAIR_ANSWER_DRIFT,"vi=[0] en=[1]"
WARN,"psalms_quiz.json vs psalms_quiz_en.json",52,PAIR_CHAPTER_DRIFT,"vi=110 en=111"
INFO,"psalms_quiz.json vs psalms_quiz_en.json",52,PAIR_VERSESTART_DRIFT,"vi=1 en=10"
WARN,"psalms_quiz.json vs psalms_quiz_en.json",52,PAIR_ANSWER_DRIFT,"vi=[1] en=[0]"
WARN,"psalms_quiz.json vs psalms_quiz_en.json",53,PAIR_CHAPTER_DRIFT,"vi=111 en=115"
INFO,"psalms_quiz.json vs psalms_quiz_en.json",53,PAIR_VERSESTART_DRIFT,"vi=10 en=3"
WARN,"psalms_quiz.json vs psalms_quiz_en.json",53,PAIR_ANSWER_DRIFT,"vi=[0] en=[2]"
WARN,"psalms_quiz.json vs psalms_quiz_en.json",54,PAIR_CHAPTER_DRIFT,"vi=115 en=116"
INFO,"psalms_quiz.json vs psalms_quiz_en.json",54,PAIR_VERSESTART_DRIFT,"vi=3 en=15"
WARN,"psalms_quiz.json vs psalms_quiz_en.json",54,PAIR_ANSWER_DRIFT,"vi=[2] en=[3]"
WARN,"psalms_quiz.json vs psalms_quiz_en.json",55,PAIR_CHAPTER_DRIFT,"vi=116 en=117"
INFO,"psalms_quiz.json vs psalms_quiz_en.json",55,PAIR_VERSESTART_DRIFT,"vi=15 en=1"
WARN,"psalms_quiz.json vs psalms_quiz_en.json",55,PAIR_ANSWER_DRIFT,"vi=[3] en=[1]"
WARN,"psalms_quiz.json vs psalms_quiz_en.json",56,PAIR_CHAPTER_DRIFT,"vi=117 en=118"
INFO,"psalms_quiz.json vs psalms_quiz_en.json",56,PAIR_VERSESTART_DRIFT,"vi=1 en=22"
WARN,"psalms_quiz.json vs psalms_quiz_en.json",56,PAIR_ANSWER_DRIFT,"vi=[1] en=[2]"
INFO,"psalms_quiz.json vs psalms_quiz_en.json",57,PAIR_VERSESTART_DRIFT,"vi=22 en=24"
WARN,"psalms_quiz.json vs psalms_quiz_en.json",57,PAIR_ANSWER_DRIFT,"vi=[2] en=[1]"
WARN,"psalms_quiz.json vs psalms_quiz_en.json",58,PAIR_CHAPTER_DRIFT,"vi=118 en=119"
INFO,"psalms_quiz.json vs psalms_quiz_en.json",58,PAIR_VERSESTART_DRIFT,"vi=24 en=11"
WARN,"psalms_quiz.json vs psalms_quiz_en.json",58,PAIR_ANSWER_DRIFT,"vi=[1] en=[0]"
INFO,"psalms_quiz.json vs psalms_quiz_en.json",59,PAIR_VERSESTART_DRIFT,"vi=11 en=105"
WARN,"psalms_quiz.json vs psalms_quiz_en.json",59,PAIR_ANSWER_DRIFT,"vi=[0] en=[2]"
WARN,"psalms_quiz.json vs psalms_quiz_en.json",60,PAIR_CHAPTER_DRIFT,"vi=119 en=121"
INFO,"psalms_quiz.json vs psalms_quiz_en.json",60,PAIR_VERSESTART_DRIFT,"vi=105 en=1"
WARN,"psalms_quiz.json vs psalms_quiz_en.json",60,PAIR_ANSWER_DRIFT,"vi=[2] en=[1]"
WARN,"psalms_quiz.json vs psalms_quiz_en.json",61,PAIR_CHAPTER_DRIFT,"vi=121 en=122"
WARN,"psalms_quiz.json vs psalms_quiz_en.json",61,PAIR_ANSWER_DRIFT,"vi=[1] en=[3]"
WARN,"psalms_quiz.json vs psalms_quiz_en.json",62,PAIR_CHAPTER_DRIFT,"vi=122 en=126"
INFO,"psalms_quiz.json vs psalms_quiz_en.json",62,PAIR_VERSESTART_DRIFT,"vi=1 en=5"
WARN,"psalms_quiz.json vs psalms_quiz_en.json",62,PAIR_ANSWER_DRIFT,"vi=[3] en=[0]"
WARN,"psalms_quiz.json vs psalms_quiz_en.json",63,PAIR_CHAPTER_DRIFT,"vi=126 en=127"
INFO,"psalms_quiz.json vs psalms_quiz_en.json",63,PAIR_VERSESTART_DRIFT,"vi=5 en=1"
WARN,"psalms_quiz.json vs psalms_quiz_en.json",63,PAIR_ANSWER_DRIFT,"vi=[0] en=[1]"
WARN,"psalms_quiz.json vs psalms_quiz_en.json",64,PAIR_CHAPTER_DRIFT,"vi=127 en=130"
WARN,"psalms_quiz.json vs psalms_quiz_en.json",64,PAIR_ANSWER_DRIFT,"vi=[1] en=[0]"
WARN,"psalms_quiz.json vs psalms_quiz_en.json",65,PAIR_CHAPTER_DRIFT,"vi=130 en=133"
WARN,"psalms_quiz.json vs psalms_quiz_en.json",65,PAIR_ANSWER_DRIFT,"vi=[0] en=[2]"
WARN,"psalms_quiz.json vs psalms_quiz_en.json",66,PAIR_CHAPTER_DRIFT,"vi=133 en=136"
WARN,"psalms_quiz.json vs psalms_quiz_en.json",66,PAIR_ANSWER_DRIFT,"vi=[2] en=[1]"
WARN,"psalms_quiz.json vs psalms_quiz_en.json",67,PAIR_CHAPTER_DRIFT,"vi=136 en=137"
WARN,"psalms_quiz.json vs psalms_quiz_en.json",67,PAIR_ANSWER_DRIFT,"vi=[1] en=[3]"
WARN,"psalms_quiz.json vs psalms_quiz_en.json",68,PAIR_CHAPTER_DRIFT,"vi=137 en=139"
INFO,"psalms_quiz.json vs psalms_quiz_en.json",68,PAIR_VERSESTART_DRIFT,"vi=1 en=13"
WARN,"psalms_quiz.json vs psalms_quiz_en.json",68,PAIR_ANSWER_DRIFT,"vi=[3] en=[2]"
INFO,"psalms_quiz.json vs psalms_quiz_en.json",69,PAIR_VERSESTART_DRIFT,"vi=13 en=23"
WARN,"psalms_quiz.json vs psalms_quiz_en.json",69,PAIR_ANSWER_DRIFT,"vi=[2] en=[1]"
WARN,"psalms_quiz.json vs psalms_quiz_en.json",70,PAIR_CHAPTER_DRIFT,"vi=139 en=143"
INFO,"psalms_quiz.json vs psalms_quiz_en.json",70,PAIR_VERSESTART_DRIFT,"vi=23 en=10"
WARN,"psalms_quiz.json vs psalms_quiz_en.json",70,PAIR_ANSWER_DRIFT,"vi=[1] en=[0]"
WARN,"psalms_quiz.json vs psalms_quiz_en.json",71,PAIR_CHAPTER_DRIFT,"vi=143 en=145"
INFO,"psalms_quiz.json vs psalms_quiz_en.json",71,PAIR_VERSESTART_DRIFT,"vi=10 en=18"
WARN,"psalms_quiz.json vs psalms_quiz_en.json",71,PAIR_ANSWER_DRIFT,"vi=[0] en=[2]"
WARN,"psalms_quiz.json vs psalms_quiz_en.json",72,PAIR_CHAPTER_DRIFT,"vi=145 en=146"
INFO,"psalms_quiz.json vs psalms_quiz_en.json",72,PAIR_VERSESTART_DRIFT,"vi=18 en=3"
WARN,"psalms_quiz.json vs psalms_quiz_en.json",72,PAIR_ANSWER_DRIFT,"vi=[2] en=[3]"
WARN,"psalms_quiz.json vs psalms_quiz_en.json",73,PAIR_CHAPTER_DRIFT,"vi=146 en=147"
WARN,"psalms_quiz.json vs psalms_quiz_en.json",73,PAIR_ANSWER_DRIFT,"vi=[3] en=[2]"
WARN,"psalms_quiz.json vs psalms_quiz_en.json",74,PAIR_CHAPTER_DRIFT,"vi=147 en=150"
INFO,"psalms_quiz.json vs psalms_quiz_en.json",74,PAIR_VERSESTART_DRIFT,"vi=3 en=6"
WARN,"psalms_quiz.json vs psalms_quiz_en.json",74,PAIR_ANSWER_DRIFT,"vi=[2] en=[1]"
WARN,"psalms_quiz.json vs psalms_quiz_en.json",75,PAIR_CHAPTER_DRIFT,"vi=150 en=4"
INFO,"psalms_quiz.json vs psalms_quiz_en.json",75,PAIR_VERSESTART_DRIFT,"vi=6 en=8"
WARN,"psalms_quiz.json vs psalms_quiz_en.json",75,PAIR_ANSWER_DRIFT,"vi=[1] en=[0]"
WARN,"psalms_quiz.json vs psalms_quiz_en.json",76,PAIR_CHAPTER_DRIFT,"vi=4 en=13"
INFO,"psalms_quiz.json vs psalms_quiz_en.json",76,PAIR_VERSESTART_DRIFT,"vi=8 en=1"
WARN,"psalms_quiz.json vs psalms_quiz_en.json",76,PAIR_ANSWER_DRIFT,"vi=[0] en=[1]"
WARN,"psalms_quiz.json vs psalms_quiz_en.json",77,PAIR_CHAPTER_DRIFT,"vi=13 en=25"
INFO,"psalms_quiz.json vs psalms_quiz_en.json",77,PAIR_VERSESTART_DRIFT,"vi=1 en=4"
WARN,"psalms_quiz.json vs psalms_quiz_en.json",77,PAIR_ANSWER_DRIFT,"vi=[1] en=[2]"
WARN,"psalms_quiz.json vs psalms_quiz_en.json",78,PAIR_CHAPTER_DRIFT,"vi=25 en=33"
INFO,"psalms_quiz.json vs psalms_quiz_en.json",78,PAIR_VERSESTART_DRIFT,"vi=4 en=9"
WARN,"psalms_quiz.json vs psalms_quiz_en.json",78,PAIR_ANSWER_DRIFT,"vi=[2] en=[0]"
WARN,"psalms_quiz.json vs psalms_quiz_en.json",79,PAIR_CHAPTER_DRIFT,"vi=33 en=50"
INFO,"psalms_quiz.json vs psalms_quiz_en.json",79,PAIR_VERSESTART_DRIFT,"vi=9 en=15"
WARN,"psalms_quiz.json vs psalms_quiz_en.json",79,PAIR_ANSWER_DRIFT,"vi=[0] en=[1]"
WARN,"psalms_quiz.json vs psalms_quiz_en.json",80,PAIR_CHAPTER_DRIFT,"vi=50 en=56"
INFO,"psalms_quiz.json vs psalms_quiz_en.json",80,PAIR_VERSESTART_DRIFT,"vi=15 en=8"
WARN,"psalms_quiz.json vs psalms_quiz_en.json",80,PAIR_ANSWER_DRIFT,"vi=[1] en=[2]"
WARN,"psalms_quiz.json vs psalms_quiz_en.json",81,PAIR_CHAPTER_DRIFT,"vi=56 en=67"
INFO,"psalms_quiz.json vs psalms_quiz_en.json",81,PAIR_VERSESTART_DRIFT,"vi=8 en=1"
WARN,"psalms_quiz.json vs psalms_quiz_en.json",81,PAIR_ANSWER_DRIFT,"vi=[2] en=[0]"
WARN,"psalms_quiz.json vs psalms_quiz_en.json",82,PAIR_CHAPTER_DRIFT,"vi=67 en=68"
INFO,"psalms_quiz.json vs psalms_quiz_en.json",82,PAIR_VERSESTART_DRIFT,"vi=1 en=5"
WARN,"psalms_quiz.json vs psalms_quiz_en.json",82,PAIR_ANSWER_DRIFT,"vi=[0] en=[3]"
WARN,"psalms_quiz.json vs psalms_quiz_en.json",83,PAIR_CHAPTER_DRIFT,"vi=68 en=85"
INFO,"psalms_quiz.json vs psalms_quiz_en.json",83,PAIR_VERSESTART_DRIFT,"vi=5 en=10"
WARN,"psalms_quiz.json vs psalms_quiz_en.json",83,PAIR_ANSWER_DRIFT,"vi=[3] en=[1]"
WARN,"psalms_quiz.json vs psalms_quiz_en.json",84,PAIR_CHAPTER_DRIFT,"vi=85 en=89"
INFO,"psalms_quiz.json vs psalms_quiz_en.json",84,PAIR_VERSESTART_DRIFT,"vi=10 en=1"
WARN,"psalms_quiz.json vs psalms_quiz_en.json",84,PAIR_ANSWER_DRIFT,"vi=[1] en=[2]"
WARN,"psalms_quiz.json vs psalms_quiz_en.json",85,PAIR_CHAPTER_DRIFT,"vi=89 en=92"
WARN,"psalms_quiz.json vs psalms_quiz_en.json",85,PAIR_ANSWER_DRIFT,"vi=[2] en=[1]"
WARN,"psalms_quiz.json vs psalms_quiz_en.json",86,PAIR_CHAPTER_DRIFT,"vi=92 en=93"
WARN,"psalms_quiz.json vs psalms_quiz_en.json",86,PAIR_ANSWER_DRIFT,"vi=[1] en=[0]"
WARN,"psalms_quiz.json vs psalms_quiz_en.json",87,PAIR_CHAPTER_DRIFT,"vi=93 en=98"
WARN,"psalms_quiz.json vs psalms_quiz_en.json",87,PAIR_ANSWER_DRIFT,"vi=[0] en=[2]"
WARN,"psalms_quiz.json vs psalms_quiz_en.json",88,PAIR_CHAPTER_DRIFT,"vi=98 en=103"
INFO,"psalms_quiz.json vs psalms_quiz_en.json",88,PAIR_VERSESTART_DRIFT,"vi=1 en=8"
WARN,"psalms_quiz.json vs psalms_quiz_en.json",88,PAIR_ANSWER_DRIFT,"vi=[2] en=[0]"
WARN,"psalms_quiz.json vs psalms_quiz_en.json",89,PAIR_CHAPTER_DRIFT,"vi=103 en=104"
INFO,"psalms_quiz.json vs psalms_quiz_en.json",89,PAIR_VERSESTART_DRIFT,"vi=8 en=24"
WARN,"psalms_quiz.json vs psalms_quiz_en.json",89,PAIR_ANSWER_DRIFT,"vi=[0] en=[3]"
WARN,"psalms_quiz.json vs psalms_quiz_en.json",90,PAIR_CHAPTER_DRIFT,"vi=104 en=107"
INFO,"psalms_quiz.json vs psalms_quiz_en.json",90,PAIR_VERSESTART_DRIFT,"vi=24 en=1"
WARN,"psalms_quiz.json vs psalms_quiz_en.json",90,PAIR_ANSWER_DRIFT,"vi=[3] en=[1]"
WARN,"psalms_quiz.json vs psalms_quiz_en.json",91,PAIR_CHAPTER_DRIFT,"vi=107 en=112"
WARN,"psalms_quiz.json vs psalms_quiz_en.json",91,PAIR_ANSWER_DRIFT,"vi=[1] en=[0]"
WARN,"psalms_quiz.json vs psalms_quiz_en.json",92,PAIR_CHAPTER_DRIFT,"vi=112 en=113"
INFO,"psalms_quiz.json vs psalms_quiz_en.json",92,PAIR_VERSESTART_DRIFT,"vi=1 en=3"
WARN,"psalms_quiz.json vs psalms_quiz_en.json",92,PAIR_ANSWER_DRIFT,"vi=[0] en=[2]"
WARN,"psalms_quiz.json vs psalms_quiz_en.json",93,PAIR_CHAPTER_DRIFT,"vi=113 en=119"
INFO,"psalms_quiz.json vs psalms_quiz_en.json",93,PAIR_VERSESTART_DRIFT,"vi=3 en=97"
WARN,"psalms_quiz.json vs psalms_quiz_en.json",93,PAIR_ANSWER_DRIFT,"vi=[2] en=[3]"
INFO,"psalms_quiz.json vs psalms_quiz_en.json",94,PAIR_VERSESTART_DRIFT,"vi=97 en=130"
WARN,"psalms_quiz.json vs psalms_quiz_en.json",94,PAIR_ANSWER_DRIFT,"vi=[3] en=[0]"
INFO,"psalms_quiz.json vs psalms_quiz_en.json",95,PAIR_VERSESTART_DRIFT,"vi=130 en=165"
WARN,"psalms_quiz.json vs psalms_quiz_en.json",95,PAIR_ANSWER_DRIFT,"vi=[0] en=[1]"
WARN,"psalms_quiz.json vs psalms_quiz_en.json",96,PAIR_CHAPTER_DRIFT,"vi=119 en=131"
INFO,"psalms_quiz.json vs psalms_quiz_en.json",96,PAIR_VERSESTART_DRIFT,"vi=165 en=2"
WARN,"psalms_quiz.json vs psalms_quiz_en.json",96,PAIR_ANSWER_DRIFT,"vi=[1] en=[2]"
WARN,"psalms_quiz.json vs psalms_quiz_en.json",97,PAIR_CHAPTER_DRIFT,"vi=131 en=138"
INFO,"psalms_quiz.json vs psalms_quiz_en.json",97,PAIR_VERSESTART_DRIFT,"vi=2 en=8"
WARN,"psalms_quiz.json vs psalms_quiz_en.json",97,PAIR_ANSWER_DRIFT,"vi=[2] en=[1]"
WARN,"psalms_quiz.json vs psalms_quiz_en.json",98,PAIR_CHAPTER_DRIFT,"vi=138 en=141"
INFO,"psalms_quiz.json vs psalms_quiz_en.json",98,PAIR_VERSESTART_DRIFT,"vi=8 en=3"
WARN,"psalms_quiz.json vs psalms_quiz_en.json",98,PAIR_ANSWER_DRIFT,"vi=[1] en=[0]"
WARN,"psalms_quiz.json vs psalms_quiz_en.json",99,PAIR_CHAPTER_DRIFT,"vi=141 en=145"
WARN,"psalms_quiz.json vs psalms_quiz_en.json",99,PAIR_ANSWER_DRIFT,"vi=[0] en=[3]"
WARN,"psalms_quiz.json vs psalms_quiz_en.json",100,PAIR_CHAPTER_DRIFT,"vi=145 en=148"
INFO,"psalms_quiz.json vs psalms_quiz_en.json",100,PAIR_VERSESTART_DRIFT,"vi=3 en=1"
WARN,"psalms_quiz.json vs psalms_quiz_en.json",100,PAIR_ANSWER_DRIFT,"vi=[3] en=[2]"
WARN,"psalms_quiz.json vs psalms_quiz_en.json",101,PAIR_CHAPTER_DRIFT,"vi=148 en=149"
WARN,"psalms_quiz.json vs psalms_quiz_en.json",101,PAIR_ANSWER_DRIFT,"vi=[2] en=[1]"
WARN,"psalms_quiz.json vs psalms_quiz_en.json",102,PAIR_CHAPTER_DRIFT,"vi=149 en=150"
INFO,"psalms_quiz.json vs psalms_quiz_en.json",102,PAIR_VERSESTART_DRIFT,"vi=1 en=3"
WARN,"psalms_quiz.json vs psalms_quiz_en.json",103,PAIR_CHAPTER_DRIFT,"vi=150 en=22"
INFO,"psalms_quiz.json vs psalms_quiz_en.json",103,PAIR_VERSESTART_DRIFT,"vi=3 en=1"
WARN,"psalms_quiz.json vs psalms_quiz_en.json",103,PAIR_ANSWER_DRIFT,"vi=[1] en=[0]"
INFO,"psalms_quiz.json vs psalms_quiz_en.json",104,PAIR_VERSESTART_DRIFT,"vi=1 en=18"
WARN,"psalms_quiz.json vs psalms_quiz_en.json",104,PAIR_ANSWER_DRIFT,"vi=[0] en=[2]"
WARN,"psalms_quiz.json vs psalms_quiz_en.json",105,PAIR_CHAPTER_DRIFT,"vi=22 en=2"
INFO,"psalms_quiz.json vs psalms_quiz_en.json",105,PAIR_VERSESTART_DRIFT,"vi=18 en=7"
WARN,"psalms_quiz.json vs psalms_quiz_en.json",105,PAIR_ANSWER_DRIFT,"vi=[2] en=[0, 1, 2]"
WARN,"psalms_quiz.json vs psalms_quiz_en.json",105,PAIR_TYPE_DRIFT,"vi=multiple_choice_single en=multiple_choice_multi"
WARN,"psalms_quiz.json vs psalms_quiz_en.json",106,PAIR_CHAPTER_DRIFT,"vi=2 en=73"
INFO,"psalms_quiz.json vs psalms_quiz_en.json",106,PAIR_VERSESTART_DRIFT,"vi=7 en=17"
WARN,"psalms_quiz.json vs psalms_quiz_en.json",106,PAIR_ANSWER_DRIFT,"vi=[0, 1, 2] en=[1]"
WARN,"psalms_quiz.json vs psalms_quiz_en.json",106,PAIR_TYPE_DRIFT,"vi=multiple_choice_multi en=multiple_choice_single"
WARN,"psalms_quiz.json vs psalms_quiz_en.json",107,PAIR_CHAPTER_DRIFT,"vi=73 en=2"
INFO,"psalms_quiz.json vs psalms_quiz_en.json",107,PAIR_VERSESTART_DRIFT,"vi=17 en=7"
WARN,"psalms_quiz.json vs psalms_quiz_en.json",107,PAIR_ANSWER_DRIFT,"vi=[1] en=[2]"
WARN,"psalms_quiz.json vs psalms_quiz_en.json",108,PAIR_CHAPTER_DRIFT,"vi=2 en=16"
INFO,"psalms_quiz.json vs psalms_quiz_en.json",108,PAIR_VERSESTART_DRIFT,"vi=7 en=10"
WARN,"psalms_quiz.json vs psalms_quiz_en.json",108,PAIR_ANSWER_DRIFT,"vi=[2] en=[3]"
WARN,"psalms_quiz.json vs psalms_quiz_en.json",109,PAIR_CHAPTER_DRIFT,"vi=16 en=19"
INFO,"psalms_quiz.json vs psalms_quiz_en.json",109,PAIR_VERSESTART_DRIFT,"vi=10 en=1"
WARN,"psalms_quiz.json vs psalms_quiz_en.json",109,PAIR_ANSWER_DRIFT,"vi=[3] en=[0]"
WARN,"psalms_quiz.json vs psalms_quiz_en.json",110,PAIR_CHAPTER_DRIFT,"vi=19 en=24"
WARN,"psalms_quiz.json vs psalms_quiz_en.json",110,PAIR_ANSWER_DRIFT,"vi=[0] en=[1]"
WARN,"psalms_quiz.json vs psalms_quiz_en.json",111,PAIR_CHAPTER_DRIFT,"vi=24 en=95"
INFO,"psalms_quiz.json vs psalms_quiz_en.json",111,PAIR_VERSESTART_DRIFT,"vi=1 en=7"
WARN,"psalms_quiz.json vs psalms_quiz_en.json",111,PAIR_ANSWER_DRIFT,"vi=[1] en=[2]"
WARN,"psalms_quiz.json vs psalms_quiz_en.json",112,PAIR_CHAPTER_DRIFT,"vi=95 en=51"
INFO,"psalms_quiz.json vs psalms_quiz_en.json",112,PAIR_VERSESTART_DRIFT,"vi=7 en=1"
WARN,"psalms_quiz.json vs psalms_quiz_en.json",112,PAIR_ANSWER_DRIFT,"vi=[2] en=[0, 1, 2]"
WARN,"psalms_quiz.json vs psalms_quiz_en.json",112,PAIR_TYPE_DRIFT,"vi=multiple_choice_single en=multiple_choice_multi"
WARN,"psalms_quiz.json vs psalms_quiz_en.json",113,PAIR_CHAPTER_DRIFT,"vi=51 en=72"
WARN,"psalms_quiz.json vs psalms_quiz_en.json",114,PAIR_CHAPTER_DRIFT,"vi=72 en=51"
WARN,"psalms_quiz.json vs psalms_quiz_en.json",114,PAIR_ANSWER_DRIFT,"vi=[0, 1, 2] en=[1]"
WARN,"psalms_quiz.json vs psalms_quiz_en.json",114,PAIR_TYPE_DRIFT,"vi=multiple_choice_multi en=multiple_choice_single"
WARN,"psalms_quiz.json vs psalms_quiz_en.json",115,PAIR_CHAPTER_DRIFT,"vi=51 en=80"
WARN,"psalms_quiz.json vs psalms_quiz_en.json",115,PAIR_ANSWER_DRIFT,"vi=[1] en=[0]"
WARN,"psalms_quiz.json vs psalms_quiz_en.json",116,PAIR_CHAPTER_DRIFT,"vi=80 en=110"
WARN,"psalms_quiz.json vs psalms_quiz_en.json",116,PAIR_ANSWER_DRIFT,"vi=[0] en=[3]"
WARN,"psalms_quiz.json vs psalms_quiz_en.json",117,PAIR_CHAPTER_DRIFT,"vi=110 en=104"
INFO,"psalms_quiz.json vs psalms_quiz_en.json",117,PAIR_VERSESTART_DRIFT,"vi=1 en=24"
WARN,"psalms_quiz.json vs psalms_quiz_en.json",117,PAIR_ANSWER_DRIFT,"vi=[3] en=[2]"
WARN,"psalms_quiz.json vs psalms_quiz_en.json",118,PAIR_CHAPTER_DRIFT,"vi=104 en=120"
INFO,"psalms_quiz.json vs psalms_quiz_en.json",118,PAIR_VERSESTART_DRIFT,"vi=24 en=1"
WARN,"psalms_quiz.json vs psalms_quiz_en.json",118,PAIR_ANSWER_DRIFT,"vi=[2] en=[0]"
WARN,"psalms_quiz.json vs psalms_quiz_en.json",119,PAIR_CHAPTER_DRIFT,"vi=120 en=146"
WARN,"psalms_quiz.json vs psalms_quiz_en.json",119,PAIR_ANSWER_DRIFT,"vi=[0] en=[0, 1, 2]"
WARN,"psalms_quiz.json vs psalms_quiz_en.json",119,PAIR_TYPE_DRIFT,"vi=multiple_choice_single en=multiple_choice_multi"
WARN,"psalms_quiz.json vs psalms_quiz_en.json",120,PAIR_CHAPTER_DRIFT,"vi=146 en=13"
WARN,"psalms_quiz.json vs psalms_quiz_en.json",120,PAIR_ANSWER_DRIFT,"vi=[0, 1, 2] en=[3]"
WARN,"psalms_quiz.json vs psalms_quiz_en.json",120,PAIR_TYPE_DRIFT,"vi=multiple_choice_multi en=multiple_choice_single"
WARN,"psalms_quiz.json vs psalms_quiz_en.json",121,PAIR_CHAPTER_DRIFT,"vi=13 en=137"
INFO,"psalms_quiz.json vs psalms_quiz_en.json",121,PAIR_VERSESTART_DRIFT,"vi=1 en=8"
WARN,"psalms_quiz.json vs psalms_quiz_en.json",121,PAIR_ANSWER_DRIFT,"vi=[3] en=[1]"
WARN,"psalms_quiz.json vs psalms_quiz_en.json",122,PAIR_CHAPTER_DRIFT,"vi=137 en=1"
INFO,"psalms_quiz.json vs psalms_quiz_en.json",122,PAIR_VERSESTART_DRIFT,"vi=8 en=3"
WARN,"psalms_quiz.json vs psalms_quiz_en.json",122,PAIR_ANSWER_DRIFT,"vi=[1] en=[2]"
WARN,"psalms_quiz.json vs psalms_quiz_en.json",123,PAIR_CHAPTER_DRIFT,"vi=1 en=19"
INFO,"psalms_quiz.json vs psalms_quiz_en.json",123,PAIR_VERSESTART_DRIFT,"vi=3 en=7"
WARN,"psalms_quiz.json vs psalms_quiz_en.json",123,PAIR_ANSWER_DRIFT,"vi=[2] en=[0, 1, 2]"
WARN,"psalms_quiz.json vs psalms_quiz_en.json",123,PAIR_TYPE_DRIFT,"vi=multiple_choice_single en=multiple_choice_multi"
WARN,"psalms_quiz.json vs psalms_quiz_en.json",124,PAIR_CHAPTER_DRIFT,"vi=19 en=23"
INFO,"psalms_quiz.json vs psalms_quiz_en.json",124,PAIR_VERSESTART_DRIFT,"vi=7 en=4"
WARN,"psalms_quiz.json vs psalms_quiz_en.json",124,PAIR_ANSWER_DRIFT,"vi=[0, 1, 2] en=[3]"
WARN,"psalms_quiz.json vs psalms_quiz_en.json",124,PAIR_TYPE_DRIFT,"vi=multiple_choice_multi en=multiple_choice_single"
WARN,"psalms_quiz.json vs psalms_quiz_en.json",125,PAIR_CHAPTER_DRIFT,"vi=23 en=32"
INFO,"psalms_quiz.json vs psalms_quiz_en.json",125,PAIR_VERSESTART_DRIFT,"vi=4 en=1"
WARN,"psalms_quiz.json vs psalms_quiz_en.json",125,PAIR_ANSWER_DRIFT,"vi=[3] en=[0]"
WARN,"psalms_quiz.json vs psalms_quiz_en.json",126,PAIR_CHAPTER_DRIFT,"vi=32 en=51"
INFO,"psalms_quiz.json vs psalms_quiz_en.json",126,PAIR_VERSESTART_DRIFT,"vi=1 en=5"
WARN,"psalms_quiz.json vs psalms_quiz_en.json",126,PAIR_ANSWER_DRIFT,"vi=[0] en=[1]"
WARN,"psalms_quiz.json vs psalms_quiz_en.json",127,PAIR_CHAPTER_DRIFT,"vi=51 en=90"
INFO,"psalms_quiz.json vs psalms_quiz_en.json",127,PAIR_VERSESTART_DRIFT,"vi=5 en=10"
WARN,"psalms_quiz.json vs psalms_quiz_en.json",127,PAIR_ANSWER_DRIFT,"vi=[1] en=[2]"
WARN,"psalms_quiz.json vs psalms_quiz_en.json",128,PAIR_CHAPTER_DRIFT,"vi=90 en=103"
INFO,"psalms_quiz.json vs psalms_quiz_en.json",128,PAIR_VERSESTART_DRIFT,"vi=10 en=11"
WARN,"psalms_quiz.json vs psalms_quiz_en.json",128,PAIR_ANSWER_DRIFT,"vi=[2] en=[0, 1, 2]"
WARN,"psalms_quiz.json vs psalms_quiz_en.json",128,PAIR_TYPE_DRIFT,"vi=multiple_choice_single en=multiple_choice_multi"
WARN,"psalms_quiz.json vs psalms_quiz_en.json",129,PAIR_CHAPTER_DRIFT,"vi=103 en=119"
INFO,"psalms_quiz.json vs psalms_quiz_en.json",129,PAIR_VERSESTART_DRIFT,"vi=11 en=105"
WARN,"psalms_quiz.json vs psalms_quiz_en.json",129,PAIR_ANSWER_DRIFT,"vi=[0, 1, 2] en=[3]"
WARN,"psalms_quiz.json vs psalms_quiz_en.json",129,PAIR_TYPE_DRIFT,"vi=multiple_choice_multi en=multiple_choice_single"
WARN,"psalms_quiz.json vs psalms_quiz_en.json",130,PAIR_CHAPTER_DRIFT,"vi=119 en=139"
INFO,"psalms_quiz.json vs psalms_quiz_en.json",130,PAIR_VERSESTART_DRIFT,"vi=105 en=13"
WARN,"psalms_quiz.json vs psalms_quiz_en.json",130,PAIR_ANSWER_DRIFT,"vi=[3] en=[0]"
WARN,"psalms_quiz.json vs psalms_quiz_en.json",131,PAIR_CHAPTER_DRIFT,"vi=139 en=1"
INFO,"psalms_quiz.json vs psalms_quiz_en.json",131,PAIR_VERSESTART_DRIFT,"vi=13 en=1"
WARN,"psalms_quiz.json vs psalms_quiz_en.json",131,PAIR_ANSWER_DRIFT,"vi=[0] en=[1]"
WARN,"psalms_quiz.json vs psalms_quiz_en.json",132,PAIR_CHAPTER_DRIFT,"vi=1 en=19"
INFO,"psalms_quiz.json vs psalms_quiz_en.json",132,PAIR_VERSESTART_DRIFT,"vi=1 en=14"
WARN,"psalms_quiz.json vs psalms_quiz_en.json",132,PAIR_ANSWER_DRIFT,"vi=[1] en=[2]"
WARN,"psalms_quiz.json vs psalms_quiz_en.json",133,PAIR_CHAPTER_DRIFT,"vi=19 en=23"
INFO,"psalms_quiz.json vs psalms_quiz_en.json",133,PAIR_VERSESTART_DRIFT,"vi=14 en=1"
WARN,"psalms_quiz.json vs psalms_quiz_en.json",133,PAIR_ANSWER_DRIFT,"vi=[2] en=[3]"
WARN,"psalms_quiz.json vs psalms_quiz_en.json",134,PAIR_CHAPTER_DRIFT,"vi=23 en=27"
WARN,"psalms_quiz.json vs psalms_quiz_en.json",134,PAIR_ANSWER_DRIFT,"vi=[3] en=[0]"
WARN,"psalms_quiz.json vs psalms_quiz_en.json",135,PAIR_CHAPTER_DRIFT,"vi=27 en=46"
WARN,"psalms_quiz.json vs psalms_quiz_en.json",135,PAIR_ANSWER_DRIFT,"vi=[0] en=[1]"
WARN,"psalms_quiz.json vs psalms_quiz_en.json",136,PAIR_CHAPTER_DRIFT,"vi=46 en=51"
INFO,"psalms_quiz.json vs psalms_quiz_en.json",136,PAIR_VERSESTART_DRIFT,"vi=1 en=10"
WARN,"psalms_quiz.json vs psalms_quiz_en.json",136,PAIR_ANSWER_DRIFT,"vi=[1] en=[2]"
WARN,"psalms_quiz.json vs psalms_quiz_en.json",137,PAIR_CHAPTER_DRIFT,"vi=51 en=90"
INFO,"psalms_quiz.json vs psalms_quiz_en.json",137,PAIR_VERSESTART_DRIFT,"vi=10 en=4"
WARN,"psalms_quiz.json vs psalms_quiz_en.json",137,PAIR_ANSWER_DRIFT,"vi=[2] en=[3]"
WARN,"psalms_quiz.json vs psalms_quiz_en.json",138,PAIR_CHAPTER_DRIFT,"vi=90 en=103"
INFO,"psalms_quiz.json vs psalms_quiz_en.json",138,PAIR_VERSESTART_DRIFT,"vi=4 en=1"
WARN,"psalms_quiz.json vs psalms_quiz_en.json",138,PAIR_ANSWER_DRIFT,"vi=[3] en=[0]"
WARN,"psalms_quiz.json vs psalms_quiz_en.json",139,PAIR_CHAPTER_DRIFT,"vi=103 en=121"
WARN,"psalms_quiz.json vs psalms_quiz_en.json",139,PAIR_ANSWER_DRIFT,"vi=[0] en=[1]"
WARN,"psalms_quiz.json vs psalms_quiz_en.json",140,PAIR_CHAPTER_DRIFT,"vi=121 en=6"
WARN,"psalms_quiz.json vs psalms_quiz_en.json",140,PAIR_ANSWER_DRIFT,"vi=[1] en=[2]"
WARN,"psalms_quiz.json vs psalms_quiz_en.json",141,PAIR_CHAPTER_DRIFT,"vi=6 en=7"
INFO,"psalms_quiz.json vs psalms_quiz_en.json",141,PAIR_VERSESTART_DRIFT,"vi=1 en=9"
WARN,"psalms_quiz.json vs psalms_quiz_en.json",141,PAIR_ANSWER_DRIFT,"vi=[2] en=[0]"
WARN,"psalms_quiz.json vs psalms_quiz_en.json",142,PAIR_CHAPTER_DRIFT,"vi=7 en=9"
INFO,"psalms_quiz.json vs psalms_quiz_en.json",142,PAIR_VERSESTART_DRIFT,"vi=9 en=1"
WARN,"psalms_quiz.json vs psalms_quiz_en.json",142,PAIR_ANSWER_DRIFT,"vi=[0] en=[1]"
WARN,"psalms_quiz.json vs psalms_quiz_en.json",143,PAIR_CHAPTER_DRIFT,"vi=9 en=10"
WARN,"psalms_quiz.json vs psalms_quiz_en.json",143,PAIR_ANSWER_DRIFT,"vi=[1] en=[3]"
WARN,"psalms_quiz.json vs psalms_quiz_en.json",144,PAIR_CHAPTER_DRIFT,"vi=10 en=11"
INFO,"psalms_quiz.json vs psalms_quiz_en.json",144,PAIR_VERSESTART_DRIFT,"vi=1 en=4"
WARN,"psalms_quiz.json vs psalms_quiz_en.json",144,PAIR_ANSWER_DRIFT,"vi=[3] en=[2]"
WARN,"psalms_quiz.json vs psalms_quiz_en.json",145,PAIR_CHAPTER_DRIFT,"vi=11 en=15"
INFO,"psalms_quiz.json vs psalms_quiz_en.json",145,PAIR_VERSESTART_DRIFT,"vi=4 en=1"
WARN,"psalms_quiz.json vs psalms_quiz_en.json",145,PAIR_ANSWER_DRIFT,"vi=[2] en=[1]"
WARN,"psalms_quiz.json vs psalms_quiz_en.json",146,PAIR_CHAPTER_DRIFT,"vi=15 en=17"
INFO,"psalms_quiz.json vs psalms_quiz_en.json",146,PAIR_VERSESTART_DRIFT,"vi=1 en=8"
WARN,"psalms_quiz.json vs psalms_quiz_en.json",146,PAIR_ANSWER_DRIFT,"vi=[1] en=[2]"
WARN,"psalms_quiz.json vs psalms_quiz_en.json",147,PAIR_CHAPTER_DRIFT,"vi=17 en=20"
INFO,"psalms_quiz.json vs psalms_quiz_en.json",147,PAIR_VERSESTART_DRIFT,"vi=8 en=7"
WARN,"psalms_quiz.json vs psalms_quiz_en.json",147,PAIR_ANSWER_DRIFT,"vi=[2] en=[3]"
WARN,"psalms_quiz.json vs psalms_quiz_en.json",148,PAIR_CHAPTER_DRIFT,"vi=20 en=38"
INFO,"psalms_quiz.json vs psalms_quiz_en.json",148,PAIR_VERSESTART_DRIFT,"vi=7 en=1"
WARN,"psalms_quiz.json vs psalms_quiz_en.json",148,PAIR_ANSWER_DRIFT,"vi=[3] en=[0, 1, 2]"
WARN,"psalms_quiz.json vs psalms_quiz_en.json",148,PAIR_TYPE_DRIFT,"vi=multiple_choice_single en=multiple_choice_multi"
WARN,"psalms_quiz.json vs psalms_quiz_en.json",149,PAIR_CHAPTER_DRIFT,"vi=38 en=26"
WARN,"psalms_quiz.json vs psalms_quiz_en.json",149,PAIR_ANSWER_DRIFT,"vi=[0, 1, 2] en=[1]"
WARN,"psalms_quiz.json vs psalms_quiz_en.json",149,PAIR_TYPE_DRIFT,"vi=multiple_choice_multi en=multiple_choice_single"
WARN,"psalms_quiz.json vs psalms_quiz_en.json",150,PAIR_CHAPTER_DRIFT,"vi=26 en=29"
INFO,"psalms_quiz.json vs psalms_quiz_en.json",150,PAIR_VERSESTART_DRIFT,"vi=1 en=3"
WARN,"psalms_quiz.json vs psalms_quiz_en.json",150,PAIR_ANSWER_DRIFT,"vi=[1] en=[3]"
WARN,"psalms_quiz.json vs psalms_quiz_en.json",151,PAIR_CHAPTER_DRIFT,"vi=29 en=31"
INFO,"psalms_quiz.json vs psalms_quiz_en.json",151,PAIR_VERSESTART_DRIFT,"vi=3 en=5"
WARN,"psalms_quiz.json vs psalms_quiz_en.json",151,PAIR_ANSWER_DRIFT,"vi=[3] en=[0]"
WARN,"psalms_quiz.json vs psalms_quiz_en.json",152,PAIR_CHAPTER_DRIFT,"vi=31 en=36"
INFO,"psalms_quiz.json vs psalms_quiz_en.json",152,PAIR_VERSESTART_DRIFT,"vi=5 en=7"
WARN,"psalms_quiz.json vs psalms_quiz_en.json",152,PAIR_ANSWER_DRIFT,"vi=[0] en=[2]"
WARN,"psalms_quiz.json vs psalms_quiz_en.json",153,PAIR_CHAPTER_DRIFT,"vi=36 en=41"
INFO,"psalms_quiz.json vs psalms_quiz_en.json",153,PAIR_VERSESTART_DRIFT,"vi=7 en=1"
WARN,"psalms_quiz.json vs psalms_quiz_en.json",153,PAIR_ANSWER_DRIFT,"vi=[2] en=[1]"
WARN,"psalms_quiz.json vs psalms_quiz_en.json",154,PAIR_CHAPTER_DRIFT,"vi=41 en=45"
WARN,"psalms_quiz.json vs psalms_quiz_en.json",154,PAIR_ANSWER_DRIFT,"vi=[1] en=[3]"
WARN,"psalms_quiz.json vs psalms_quiz_en.json",155,PAIR_CHAPTER_DRIFT,"vi=45 en=47"
WARN,"psalms_quiz.json vs psalms_quiz_en.json",155,PAIR_ANSWER_DRIFT,"vi=[3] en=[0]"
WARN,"psalms_quiz.json vs psalms_quiz_en.json",156,PAIR_CHAPTER_DRIFT,"vi=47 en=48"
WARN,"psalms_quiz.json vs psalms_quiz_en.json",156,PAIR_ANSWER_DRIFT,"vi=[0] en=[2]"
WARN,"psalms_quiz.json vs psalms_quiz_en.json",157,PAIR_CHAPTER_DRIFT,"vi=48 en=49"
INFO,"psalms_quiz.json vs psalms_quiz_en.json",157,PAIR_VERSESTART_DRIFT,"vi=1 en=16"
WARN,"psalms_quiz.json vs psalms_quiz_en.json",157,PAIR_ANSWER_DRIFT,"vi=[2] en=[1]"
WARN,"psalms_quiz.json vs psalms_quiz_en.json",158,PAIR_CHAPTER_DRIFT,"vi=49 en=52"
INFO,"psalms_quiz.json vs psalms_quiz_en.json",158,PAIR_VERSESTART_DRIFT,"vi=16 en=1"
WARN,"psalms_quiz.json vs psalms_quiz_en.json",158,PAIR_ANSWER_DRIFT,"vi=[1] en=[3]"
WARN,"psalms_quiz.json vs psalms_quiz_en.json",159,PAIR_CHAPTER_DRIFT,"vi=52 en=57"
WARN,"psalms_quiz.json vs psalms_quiz_en.json",159,PAIR_ANSWER_DRIFT,"vi=[3] en=[0]"
WARN,"psalms_quiz.json vs psalms_quiz_en.json",160,PAIR_CHAPTER_DRIFT,"vi=57 en=60"
INFO,"psalms_quiz.json vs psalms_quiz_en.json",160,PAIR_VERSESTART_DRIFT,"vi=1 en=11"
WARN,"psalms_quiz.json vs psalms_quiz_en.json",160,PAIR_ANSWER_DRIFT,"vi=[0] en=[2]"
WARN,"psalms_quiz.json vs psalms_quiz_en.json",161,PAIR_CHAPTER_DRIFT,"vi=60 en=61"
INFO,"psalms_quiz.json vs psalms_quiz_en.json",161,PAIR_VERSESTART_DRIFT,"vi=11 en=1"
WARN,"psalms_quiz.json vs psalms_quiz_en.json",161,PAIR_ANSWER_DRIFT,"vi=[2] en=[1]"
WARN,"psalms_quiz.json vs psalms_quiz_en.json",162,PAIR_CHAPTER_DRIFT,"vi=61 en=65"
INFO,"psalms_quiz.json vs psalms_quiz_en.json",162,PAIR_VERSESTART_DRIFT,"vi=1 en=9"
WARN,"psalms_quiz.json vs psalms_quiz_en.json",162,PAIR_ANSWER_DRIFT,"vi=[1] en=[3]"
WARN,"psalms_quiz.json vs psalms_quiz_en.json",163,PAIR_CHAPTER_DRIFT,"vi=65 en=69"
WARN,"psalms_quiz.json vs psalms_quiz_en.json",163,PAIR_ANSWER_DRIFT,"vi=[3] en=[0]"
WARN,"psalms_quiz.json vs psalms_quiz_en.json",164,PAIR_CHAPTER_DRIFT,"vi=69 en=71"
WARN,"psalms_quiz.json vs psalms_quiz_en.json",164,PAIR_ANSWER_DRIFT,"vi=[0] en=[2]"
WARN,"psalms_quiz.json vs psalms_quiz_en.json",165,PAIR_CHAPTER_DRIFT,"vi=71 en=78"
INFO,"psalms_quiz.json vs psalms_quiz_en.json",165,PAIR_VERSESTART_DRIFT,"vi=9 en=1"
WARN,"psalms_quiz.json vs psalms_quiz_en.json",165,PAIR_ANSWER_DRIFT,"vi=[2] en=[0, 1, 2]"
WARN,"psalms_quiz.json vs psalms_quiz_en.json",165,PAIR_TYPE_DRIFT,"vi=multiple_choice_single en=multiple_choice_multi"
WARN,"psalms_quiz.json vs psalms_quiz_en.json",166,PAIR_CHAPTER_DRIFT,"vi=78 en=81"
INFO,"psalms_quiz.json vs psalms_quiz_en.json",166,PAIR_VERSESTART_DRIFT,"vi=1 en=13"
WARN,"psalms_quiz.json vs psalms_quiz_en.json",166,PAIR_ANSWER_DRIFT,"vi=[0, 1, 2] en=[1]"
WARN,"psalms_quiz.json vs psalms_quiz_en.json",166,PAIR_TYPE_DRIFT,"vi=multiple_choice_multi en=multiple_choice_single"
WARN,"psalms_quiz.json vs psalms_quiz_en.json",167,PAIR_CHAPTER_DRIFT,"vi=81 en=88"
INFO,"psalms_quiz.json vs psalms_quiz_en.json",167,PAIR_VERSESTART_DRIFT,"vi=13 en=1"
WARN,"psalms_quiz.json vs psalms_quiz_en.json",167,PAIR_ANSWER_DRIFT,"vi=[1] en=[3]"
WARN,"psalms_quiz.json vs psalms_quiz_en.json",168,PAIR_CHAPTER_DRIFT,"vi=88 en=94"
INFO,"psalms_quiz.json vs psalms_quiz_en.json",168,PAIR_VERSESTART_DRIFT,"vi=1 en=12"
WARN,"psalms_quiz.json vs psalms_quiz_en.json",168,PAIR_ANSWER_DRIFT,"vi=[3] en=[0]"
WARN,"psalms_quiz.json vs psalms_quiz_en.json",169,PAIR_CHAPTER_DRIFT,"vi=94 en=99"
INFO,"psalms_quiz.json vs psalms_quiz_en.json",169,PAIR_VERSESTART_DRIFT,"vi=12 en=5"
WARN,"psalms_quiz.json vs psalms_quiz_en.json",169,PAIR_ANSWER_DRIFT,"vi=[0] en=[2]"
WARN,"psalms_quiz.json vs psalms_quiz_en.json",170,PAIR_CHAPTER_DRIFT,"vi=99 en=101"
INFO,"psalms_quiz.json vs psalms_quiz_en.json",170,PAIR_VERSESTART_DRIFT,"vi=5 en=1"
WARN,"psalms_quiz.json vs psalms_quiz_en.json",170,PAIR_ANSWER_DRIFT,"vi=[2] en=[3]"
WARN,"psalms_quiz.json vs psalms_quiz_en.json",171,PAIR_CHAPTER_DRIFT,"vi=101 en=102"
INFO,"psalms_quiz.json vs psalms_quiz_en.json",171,PAIR_VERSESTART_DRIFT,"vi=1 en=25"
WARN,"psalms_quiz.json vs psalms_quiz_en.json",171,PAIR_ANSWER_DRIFT,"vi=[3] en=[1]"
WARN,"psalms_quiz.json vs psalms_quiz_en.json",172,PAIR_CHAPTER_DRIFT,"vi=102 en=105"
INFO,"psalms_quiz.json vs psalms_quiz_en.json",172,PAIR_VERSESTART_DRIFT,"vi=25 en=7"
WARN,"psalms_quiz.json vs psalms_quiz_en.json",172,PAIR_ANSWER_DRIFT,"vi=[1] en=[0, 1, 2]"
WARN,"psalms_quiz.json vs psalms_quiz_en.json",172,PAIR_TYPE_DRIFT,"vi=multiple_choice_single en=multiple_choice_multi"
WARN,"psalms_quiz.json vs psalms_quiz_en.json",173,PAIR_CHAPTER_DRIFT,"vi=105 en=106"
INFO,"psalms_quiz.json vs psalms_quiz_en.json",173,PAIR_VERSESTART_DRIFT,"vi=7 en=6"
WARN,"psalms_quiz.json vs psalms_quiz_en.json",173,PAIR_ANSWER_DRIFT,"vi=[0, 1, 2] en=[0]"
WARN,"psalms_quiz.json vs psalms_quiz_en.json",173,PAIR_TYPE_DRIFT,"vi=multiple_choice_multi en=multiple_choice_single"
WARN,"psalms_quiz.json vs psalms_quiz_en.json",174,PAIR_CHAPTER_DRIFT,"vi=106 en=124"
INFO,"psalms_quiz.json vs psalms_quiz_en.json",174,PAIR_VERSESTART_DRIFT,"vi=6 en=1"
WARN,"psalms_quiz.json vs psalms_quiz_en.json",174,PAIR_ANSWER_DRIFT,"vi=[0] en=[2]"
WARN,"psalms_quiz.json vs psalms_quiz_en.json",175,PAIR_CHAPTER_DRIFT,"vi=124 en=125"
WARN,"psalms_quiz.json vs psalms_quiz_en.json",175,PAIR_ANSWER_DRIFT,"vi=[2] en=[1]"
WARN,"psalms_quiz.json vs psalms_quiz_en.json",176,PAIR_CHAPTER_DRIFT,"vi=125 en=132"
INFO,"psalms_quiz.json vs psalms_quiz_en.json",176,PAIR_VERSESTART_DRIFT,"vi=1 en=11"
WARN,"psalms_quiz.json vs psalms_quiz_en.json",176,PAIR_ANSWER_DRIFT,"vi=[1] en=[3]"
WARN,"psalms_quiz.json vs psalms_quiz_en.json",177,PAIR_CHAPTER_DRIFT,"vi=132 en=144"
INFO,"psalms_quiz.json vs psalms_quiz_en.json",177,PAIR_VERSESTART_DRIFT,"vi=11 en=1"
WARN,"psalms_quiz.json vs psalms_quiz_en.json",177,PAIR_ANSWER_DRIFT,"vi=[3] en=[0]"
WARN,"psalms_quiz.json vs psalms_quiz_en.json",178,PAIR_CHAPTER_DRIFT,"vi=144 en=96"
WARN,"psalms_quiz.json vs psalms_quiz_en.json",178,PAIR_ANSWER_DRIFT,"vi=[0] en=[0, 1, 2]"
WARN,"psalms_quiz.json vs psalms_quiz_en.json",178,PAIR_TYPE_DRIFT,"vi=multiple_choice_single en=multiple_choice_multi"
INFO,"psalms_quiz.json vs psalms_quiz_en.json",-1,PAIR_LEN_DRIFT,"vi=180 en=179"
INFO,"revelation_quiz.json",3,CORRECT_MUCH_LONGER,"correct=46 avg_others=15"
INFO,"revelation_quiz.json",4,CORRECT_MUCH_LONGER,"correct=57 avg_others=6"
INFO,"revelation_quiz.json",5,CORRECT_MUCH_LONGER,"correct=49 avg_others=9"
INFO,"revelation_quiz.json",7,CORRECT_MUCH_LONGER,"correct=47 avg_others=10"
INFO,"revelation_quiz.json",8,CORRECT_MUCH_LONGER,"correct=44 avg_others=12"
INFO,"revelation_quiz.json",9,CORRECT_MUCH_LONGER,"correct=39 avg_others=7"
INFO,"revelation_quiz.json",12,CORRECT_MUCH_LONGER,"correct=51 avg_others=11"
INFO,"revelation_quiz.json",15,CORRECT_MUCH_LONGER,"correct=52 avg_others=8"
INFO,"revelation_quiz.json",18,CORRECT_MUCH_LONGER,"correct=41 avg_others=12"
INFO,"revelation_quiz.json",19,CORRECT_MUCH_LONGER,"correct=39 avg_others=15"
INFO,"revelation_quiz.json",34,CORRECT_MUCH_LONGER,"correct=54 avg_others=20"
INFO,"revelation_quiz.json",70,CORRECT_MUCH_LONGER,"correct=121 avg_others=41"
INFO,"revelation_quiz.json",71,CORRECT_MUCH_LONGER,"correct=126 avg_others=24"
INFO,"revelation_quiz.json",72,CORRECT_MUCH_LONGER,"correct=144 avg_others=19"
INFO,"revelation_quiz.json",74,CORRECT_MUCH_LONGER,"correct=57 avg_others=18"
INFO,"revelation_quiz.json",75,CORRECT_MUCH_LONGER,"correct=125 avg_others=40"
INFO,"revelation_quiz.json",76,CORRECT_MUCH_LONGER,"correct=107 avg_others=22"
WARN,"revelation_quiz.json",80,CHAPTER_MISMATCH,"metadata=11 cite=""Khải Huyền 19:15"" → 19"
WARN,"revelation_quiz.json",86,CHAPTER_MISMATCH,"metadata=13 cite=""Khải Huyền 19:20"" → 19"
INFO,"revelation_quiz.json",90,CORRECT_MUCH_LONGER,"correct=251 avg_others=95"
INFO,"revelation_quiz_en.json",3,CORRECT_MUCH_LONGER,"correct=39 avg_others=14"
INFO,"revelation_quiz_en.json",4,CORRECT_MUCH_LONGER,"correct=61 avg_others=5"
INFO,"revelation_quiz_en.json",5,CORRECT_MUCH_LONGER,"correct=53 avg_others=11"
INFO,"revelation_quiz_en.json",7,CORRECT_MUCH_LONGER,"correct=57 avg_others=9"
INFO,"revelation_quiz_en.json",8,CORRECT_MUCH_LONGER,"correct=41 avg_others=11"
INFO,"revelation_quiz_en.json",9,CORRECT_MUCH_LONGER,"correct=53 avg_others=8"
INFO,"revelation_quiz_en.json",12,CORRECT_MUCH_LONGER,"correct=71 avg_others=4"
INFO,"revelation_quiz_en.json",15,CORRECT_MUCH_LONGER,"correct=40 avg_others=12"
INFO,"revelation_quiz_en.json",19,CORRECT_MUCH_LONGER,"correct=43 avg_others=15"
INFO,"revelation_quiz_en.json",29,CORRECT_MUCH_LONGER,"correct=159 avg_others=60"
INFO,"revelation_quiz_en.json",33,CORRECT_MUCH_LONGER,"correct=158 avg_others=60"
WARN,"revelation_quiz_en.json",80,CHAPTER_MISMATCH,"metadata=11 cite=""Revelation 12:5"" → 12"
WARN,"revelation_quiz.json vs revelation_quiz_en.json",0,PAIR_ANSWER_DRIFT,"vi=[0] en=[2]"
INFO,"romans_quiz.json",4,CORRECT_MUCH_LONGER,"correct=40 avg_others=11"
INFO,"romans_quiz.json",5,CORRECT_MUCH_LONGER,"correct=76 avg_others=14"
INFO,"romans_quiz.json",6,CORRECT_MUCH_LONGER,"correct=60 avg_others=24"
INFO,"romans_quiz.json",11,CORRECT_MUCH_LONGER,"correct=45 avg_others=12"
INFO,"romans_quiz.json",13,CORRECT_MUCH_LONGER,"correct=59 avg_others=8"
INFO,"romans_quiz.json",15,CORRECT_MUCH_LONGER,"correct=46 avg_others=18"
INFO,"romans_quiz.json",24,CORRECT_MUCH_LONGER,"correct=39 avg_others=14"
INFO,"romans_quiz.json",32,CORRECT_MUCH_LONGER,"correct=54 avg_others=20"
INFO,"romans_quiz.json",34,CORRECT_MUCH_LONGER,"correct=48 avg_others=18"
INFO,"romans_quiz.json",36,CORRECT_MUCH_LONGER,"correct=40 avg_others=14"
INFO,"romans_quiz.json",41,CORRECT_MUCH_LONGER,"correct=60 avg_others=12"
INFO,"romans_quiz.json",43,CORRECT_MUCH_LONGER,"correct=49 avg_others=17"
INFO,"romans_quiz.json",48,CORRECT_MUCH_LONGER,"correct=62 avg_others=24"
INFO,"romans_quiz.json",49,CORRECT_MUCH_LONGER,"correct=58 avg_others=16"
INFO,"romans_quiz.json",53,CORRECT_MUCH_LONGER,"correct=61 avg_others=19"
INFO,"romans_quiz.json",56,CORRECT_MUCH_LONGER,"correct=48 avg_others=14"
WARN,"romans_quiz.json",60,CHAPTER_MISMATCH,"metadata=3 cite=""Rô-ma 1:17"" → 1"
WARN,"romans_quiz.json",62,CHAPTER_MISMATCH,"metadata=6 cite=""Rô-ma 3:23"" → 3"
WARN,"romans_quiz.json",64,CHAPTER_MISMATCH,"metadata=8 cite=""Rô-ma 3:21"" → 3"
INFO,"romans_quiz_en.json",5,CORRECT_MUCH_LONGER,"correct=47 avg_others=9"
INFO,"romans_quiz_en.json",11,CORRECT_MUCH_LONGER,"correct=32 avg_others=12"
INFO,"romans_quiz_en.json",13,CORRECT_MUCH_LONGER,"correct=64 avg_others=11"
INFO,"romans_quiz_en.json",26,CORRECT_MUCH_LONGER,"correct=46 avg_others=15"
INFO,"romans_quiz_en.json",34,CORRECT_MUCH_LONGER,"correct=36 avg_others=14"
INFO,"romans_quiz_en.json",36,CORRECT_MUCH_LONGER,"correct=47 avg_others=16"
INFO,"romans_quiz_en.json",41,CORRECT_MUCH_LONGER,"correct=58 avg_others=17"
INFO,"romans_quiz_en.json",44,CORRECT_MUCH_LONGER,"correct=54 avg_others=14"
INFO,"romans_quiz_en.json",45,CORRECT_MUCH_LONGER,"correct=71 avg_others=23"
INFO,"romans_quiz_en.json",46,CORRECT_MUCH_LONGER,"correct=56 avg_others=22"
INFO,"romans_quiz_en.json",48,CORRECT_MUCH_LONGER,"correct=85 avg_others=21"
INFO,"romans_quiz_en.json",49,CORRECT_MUCH_LONGER,"correct=53 avg_others=18"
INFO,"romans_quiz_en.json",52,CORRECT_MUCH_LONGER,"correct=58 avg_others=14"
INFO,"romans_quiz_en.json",53,CORRECT_MUCH_LONGER,"correct=62 avg_others=18"
INFO,"romans_quiz_en.json",56,CORRECT_MUCH_LONGER,"correct=66 avg_others=11"
WARN,"romans_quiz_en.json",60,CHAPTER_MISMATCH,"metadata=3 cite=""Romans 1:17"" → 1"
INFO,"romans_quiz_en.json",91,CORRECT_MUCH_LONGER,"correct=70 avg_others=28"
WARN,"romans_quiz.json vs romans_quiz_en.json",7,PAIR_CHAPTER_DRIFT,"vi=8 en=12"
INFO,"romans_quiz.json vs romans_quiz_en.json",7,PAIR_VERSESTART_DRIFT,"vi=5 en=2"
WARN,"romans_quiz.json vs romans_quiz_en.json",7,PAIR_ANSWER_DRIFT,"vi=[0] en=[3]"
INFO,"ruth_quiz.json",4,CORRECT_MUCH_LONGER,"correct=44 avg_others=17"
INFO,"ruth_quiz.json",6,CORRECT_MUCH_LONGER,"correct=38 avg_others=9"
INFO,"ruth_quiz.json",7,CORRECT_MUCH_LONGER,"correct=89 avg_others=10"
INFO,"ruth_quiz.json",8,CORRECT_MUCH_LONGER,"correct=41 avg_others=8"
INFO,"ruth_quiz.json",9,CORRECT_MUCH_LONGER,"correct=41 avg_others=7"
INFO,"ruth_quiz.json",13,CORRECT_MUCH_LONGER,"correct=52 avg_others=14"
INFO,"ruth_quiz_en.json",4,CORRECT_MUCH_LONGER,"correct=54 avg_others=17"
INFO,"ruth_quiz_en.json",6,CORRECT_MUCH_LONGER,"correct=47 avg_others=16"
INFO,"ruth_quiz_en.json",7,CORRECT_MUCH_LONGER,"correct=104 avg_others=10"
INFO,"ruth_quiz_en.json",8,CORRECT_MUCH_LONGER,"correct=35 avg_others=9"
INFO,"ruth_quiz_en.json",10,CORRECT_MUCH_LONGER,"correct=47 avg_others=15"
INFO,"ruth_quiz_en.json",13,CORRECT_MUCH_LONGER,"correct=56 avg_others=15"
INFO,"ruth_quiz_en.json",14,CORRECT_MUCH_LONGER,"correct=34 avg_others=10"
INFO,"ruth_quiz_en.json",18,CORRECT_MUCH_LONGER,"correct=33 avg_others=10"
WARN,"songofsolomon_quiz.json vs songofsolomon_quiz_en.json",21,PAIR_ANSWER_DRIFT,"vi=[0, 1] en=[0, 1, 2]"
INFO,"titus_quiz.json",0,CORRECT_MUCH_LONGER,"correct=59 avg_others=22"
INFO,"titus_quiz.json",9,CORRECT_MUCH_LONGER,"correct=63 avg_others=19"
INFO,"titus_quiz.json",10,CORRECT_MUCH_LONGER,"correct=80 avg_others=29"
INFO,"titus_quiz.json",12,CORRECT_MUCH_LONGER,"correct=78 avg_others=29"
INFO,"titus_quiz_en.json",9,CORRECT_MUCH_LONGER,"correct=61 avg_others=15"
INFO,"titus_quiz_en.json",10,CORRECT_MUCH_LONGER,"correct=94 avg_others=28"
INFO,"titus_quiz_en.json",12,CORRECT_MUCH_LONGER,"correct=76 avg_others=25"
INFO,"titus_quiz_en.json",14,CORRECT_MUCH_LONGER,"correct=71 avg_others=27"
INFO,"zechariah_quiz.json",6,CORRECT_MUCH_LONGER,"correct=60 avg_others=17"
INFO,"zechariah_quiz.json",17,CORRECT_MUCH_LONGER,"correct=73 avg_others=26"
INFO,"zechariah_quiz.json",18,CORRECT_MUCH_LONGER,"correct=100 avg_others=24"
INFO,"zechariah_quiz.json",19,CORRECT_MUCH_LONGER,"correct=41 avg_others=12"
INFO,"zechariah_quiz_en.json",5,CORRECT_MUCH_LONGER,"correct=58 avg_others=22"
INFO,"zechariah_quiz_en.json",6,CORRECT_MUCH_LONGER,"correct=72 avg_others=15"
INFO,"zechariah_quiz_en.json",11,CORRECT_MUCH_LONGER,"correct=53 avg_others=20"
INFO,"zechariah_quiz_en.json",14,CORRECT_MUCH_LONGER,"correct=63 avg_others=23"
INFO,"zechariah_quiz_en.json",15,CORRECT_MUCH_LONGER,"correct=40 avg_others=11"
INFO,"zechariah_quiz_en.json",17,CORRECT_MUCH_LONGER,"correct=71 avg_others=25"
INFO,"zechariah_quiz_en.json",18,CORRECT_MUCH_LONGER,"correct=115 avg_others=27"
INFO,"zechariah_quiz_en.json",19,CORRECT_MUCH_LONGER,"correct=45 avg_others=13"
INFO,"zechariah_quiz.json vs zechariah_quiz_en.json",9,PAIR_VERSESTART_DRIFT,"vi=10 en=9"
WARN,"zechariah_quiz.json vs zechariah_quiz_en.json",9,PAIR_ANSWER_DRIFT,"vi=[0] en=[1]"
WARN,"zechariah_quiz.json vs zechariah_quiz_en.json",21,PAIR_ANSWER_DRIFT,"vi=[2] en=[0, 1, 2]"
WARN,"zechariah_quiz.json vs zechariah_quiz_en.json",21,PAIR_TYPE_DRIFT,"vi=multiple_choice_single en=multiple_choice_multi"
INFO,"zephaniah_quiz.json",11,CORRECT_MUCH_LONGER,"correct=41 avg_others=15"
INFO,"zephaniah_quiz_en.json",9,CORRECT_MUCH_LONGER,"correct=56 avg_others=22"
INFO,"zephaniah_quiz_en.json",11,CORRECT_MUCH_LONGER,"correct=47 avg_others=16"
